Workbook

Sheet MODELO_AD_BI
B1: Portal de Atendimento do INSS - PAT
B2: Autodeclaração para o Requerimento de Benefício por Incapacidade
B3: Homologador:
B7: # | C7: LIBERADO | D7: MACROPROCESSO | E7: CASO DE TESTE | F7: CANAL | G7: PAPEL | H7: FLUXO | I7: PARÂMETROS | J7: RESULTADO ESPERADO | K7: DATA EXECUÇÃO | L7: MASSA | M7: STATUS CT | N7: RESULTADO ENCONTRADO | O7: ANÁLISE DATAPREV | P7: MELHORIAS
B8: =IF(ISERR(casostestes[[#This Row],[ID]]),"-",casostestes[[#This Row],[ID]]) -> 1 | C8: =IFERROR(IF(VLOOKUP($B8,casostestes[#Data],10)=0,"Não",VLOOKUP($B8,casostestes[#Data],10)), "-") -> Sim | D8: =IFERROR(IF(VLOOKUP($B8,casostestes[#Data],2)=0,"-",VLOOKUP($B8,casostestes[#Data],2)), "-") -> Requerimento Inicial de BI | E8: =IFERROR(IF(VLOOKUP($B8,casostestes[#Data],3)=0,"-",VLOOKUP($B8,casostestes[#Data],3)), "-") -> 6 Criação de tarefa de BI inicial com fluxo ATESTMED para categoria DIFERENTE de Segurado Especial COM exigência de preenchimento da AD. Premissas: Catálogo: Exige autodeclaração = ATIVADO Parâmetro: 144 - Fluxo ATESTMED = LIGADO | F8: =IFERROR(IF(VLOOKUP($B8,casostestes[#Data],4)=0,"-",VLOOKUP($B8,casostestes[#Data],4)),"-") -> Central 135 | G8: =IFERROR(IF(VLOOKUP($B8,casostestes[#Data],5)=0,"-",VLOOKUP($B8,casostestes[#Data],5)),"-") -> ATENDENTE_CENTRAL_135 | H8: =IFERROR(IF(VLOOKUP($B8,casostestes[#Data],6)=0,"-",VLOOKUP($B8,casostestes[#Data],6)),"-") -> 1. Logar no Portal do Atendimento INSS com o perfil do caso de teste 2. Criar tarefa de BI informando: - Tipo de Incapacidade? "Temporário" - A pessoa está presa? "Não" - Categoria do trabalhador "Desempregado" ... - A pessoa ficou sem trabalhar? "Sim" | I8: =IFERROR(IF(VLOOKUP($B8,casostestes[#Data],8)=0,"-",VLOOKUP($B8,casostestes[#Data],8)),"-") -> - | J8: =IFERROR(IF(VLOOKUP($B8,casostestes[#Data],9)=0,"-",VLOOKUP($B8,casostestes[#Data],9)),"-") -> 1. Na conclusão do requerimento é emitido o aviso: "É necessário apresentar os documentos no prazo de 5 dias. Caso não apresente, o pedido será cancelado." 2. A tarefa de BI criada com STATUS: EM EXIGÊNCIA 3. Status SIBE: Fluxo não iniciado 4. Tarefa COM as divergências: - 174 Ausência do atestado médico
B9: =IF(ISERR(casostestes[[#This Row],[ID]]),"-",casostestes[[#This Row],[ID]]) -> 2 | C9: =IFERROR(IF(VLOOKUP($B9,casostestes[#Data],10)=0,"Não",VLOOKUP($B9,casostestes[#Data],10)), "-") -> Sim | D9: =IFERROR(IF(VLOOKUP($B9,casostestes[#Data],2)=0,"-",VLOOKUP($B9,casostestes[#Data],2)), "-") -> Integração | E9: =IFERROR(IF(VLOOKUP($B9,casostestes[#Data],3)=0,"-",VLOOKUP($B9,casostestes[#Data],3)), "-") -> 12 Criar tarefa de BI inicial fluxo ATESTMEDQ para categoria "Segurado especial" onde o parâmetro "Exige Autodeclaração" no Catálogo está ATIVADO e foi respondida a autodeclaração COM período pendente **Parâmetro PAT ligado: 144 - Fluxo ATESTMEDQ | F9: =IFERROR(IF(VLOOKUP($B9,casostestes[#Data],4)=0,"-",VLOOKUP($B9,casostestes[#Data],4)),"-") -> PAT | G9: =IFERROR(IF(VLOOKUP($B9,casostestes[#Data],5)=0,"-",VLOOKUP($B9,casostestes[#Data],5)),"-") -> SERVIDOR | H9: =IFERROR(IF(VLOOKUP($B9,casostestes[#Data],6)=0,"-",VLOOKUP($B9,casostestes[#Data],6)),"-") -> 1. Logar no Portal do Atendimento INSS com o perfil do caso de teste 2.Criar tarefa de BI informando: Tipo de Incapacidade? "Temporária " A pessoa está presa? Não Categoria do trabalhador "Segurado Especial" A pessoa ficou sem trabalhar? Sim 3. Responder formulário da autodeclaração | I9: =IFERROR(IF(VLOOKUP($B9,casostestes[#Data],8)=0,"-",VLOOKUP($B9,casostestes[#Data],8)),"-") -> - | J9: =IFERROR(IF(VLOOKUP($B9,casostestes[#Data],9)=0,"-",VLOOKUP($B9,casostestes[#Data],9)),"-") -> Tarefa de BI criada com situação Pendente. Tarefa SEM Divergência de autodeclaração (116) Status SIBE igual a FLUXO NÃO INICIADO Aguardar até a geração automática do PDF da autodeclaração: DTP: Campo Exige_autodeclaração = 1 Campo DT_RETORNO_SES_CNIS deverá estar preenchido (Descritivo preenchido pelo CNIS) Tabela SES_CNIS_ANALISES (Indica a existência ou não de períodos pendentes) Status SIBE igual a AGUARDANDO ATESTADO Na opção "Lista de Ocorrências", o json de integração com o SIBE deverá conter o campo "periodosPendentesSegEsp" com valor true.
B10: =IF(ISERR(casostestes[[#This Row],[ID]]),"-",casostestes[[#This Row],[ID]]) -> 3 | C10: =IFERROR(IF(VLOOKUP($B10,casostestes[#Data],10)=0,"Não",VLOOKUP($B10,casostestes[#Data],10)), "-") -> Sim | D10: =IFERROR(IF(VLOOKUP($B10,casostestes[#Data],2)=0,"-",VLOOKUP($B10,casostestes[#Data],2)), "-") -> Integração | E10: =IFERROR(IF(VLOOKUP($B10,casostestes[#Data],3)=0,"-",VLOOKUP($B10,casostestes[#Data],3)), "-") -> 13 Criar tarefa de BI inicial fluxo ATESTMEDQ para categoria "Segurado especial" onde o parâmetro "Exige Autodeclaração" no Catálogo está ATIVADO e foi respondida a autodeclaração SEM período pendente **Parâmetro PAT ligado: 144 - Fluxo ATESTMEDQ | F10: =IFERROR(IF(VLOOKUP($B10,casostestes[#Data],4)=0,"-",VLOOKUP($B10,casostestes[#Data],4)),"-") -> PAT | G10: =IFERROR(IF(VLOOKUP($B10,casostestes[#Data],5)=0,"-",VLOOKUP($B10,casostestes[#Data],5)),"-") -> SERVIDOR | H10: =IFERROR(IF(VLOOKUP($B10,casostestes[#Data],6)=0,"-",VLOOKUP($B10,casostestes[#Data],6)),"-") -> 1. Logar no Portal do Atendimento INSS com o perfil do caso de teste 2.Criar tarefa de BI informando: Tipo de Incapacidade? "Temporária " A pessoa está presa? Não Categoria do trabalhador "Segurado Especial" A pessoa ficou sem trabalhar? Sim 3. Responder a autodeclaração | I10: =IFERROR(IF(VLOOKUP($B10,casostestes[#Data],8)=0,"-",VLOOKUP($B10,casostestes[#Data],8)),"-") -> - | J10: =IFERROR(IF(VLOOKUP($B10,casostestes[#Data],9)=0,"-",VLOOKUP($B10,casostestes[#Data],9)),"-") -> Tarefa de BI criada com situação Pendente. Tarefa SEM Divergência de autodeclaração (116) Status SIBE igual a FLUXO NÃO INICIADO Aguardar até a geração automática do PDF da autodeclaração: DTP: Campo Exige_autodeclaração = 1 Campo DT_RETORNO_SES_CNIS deverá estar preenchido (Descritivo preenchido pelo CNIS) Tabela SES_CNIS_ANALISES (Indica a existência ou não de períodos pendentes) Status SIBE igual a AGUARDANDO ATESTADO Na opção "Lista de Ocorrências", o json de integração com o SIBE deverá conter o campo "periodosPendentesSegEsp" com valor false.
B11: =IF(ISERR(casostestes[[#This Row],[ID]]),"-",casostestes[[#This Row],[ID]]) -> 4 | C11: =IFERROR(IF(VLOOKUP($B11,casostestes[#Data],10)=0,"Não",VLOOKUP($B11,casostestes[#Data],10)), "-") -> Sim | D11: =IFERROR(IF(VLOOKUP($B11,casostestes[#Data],2)=0,"-",VLOOKUP($B11,casostestes[#Data],2)), "-") -> Integração | E11: =IFERROR(IF(VLOOKUP($B11,casostestes[#Data],3)=0,"-",VLOOKUP($B11,casostestes[#Data],3)), "-") -> 16 Cumprir a exigência de autodeclaração | F11: =IFERROR(IF(VLOOKUP($B11,casostestes[#Data],4)=0,"-",VLOOKUP($B11,casostestes[#Data],4)),"-") -> PAT | G11: =IFERROR(IF(VLOOKUP($B11,casostestes[#Data],5)=0,"-",VLOOKUP($B11,casostestes[#Data],5)),"-") -> SERVIDOR | H11: =IFERROR(IF(VLOOKUP($B11,casostestes[#Data],6)=0,"-",VLOOKUP($B11,casostestes[#Data],6)),"-") -> 1. Logar no Portal do Atendimento INSS com o perfil Servidor 2.Consultar uma tarefa em exigência de autodeclaração e acionar Cumprir Exigência 3. Responder o formulário de autodeclaração até o final | I11: =IFERROR(IF(VLOOKUP($B11,casostestes[#Data],8)=0,"-",VLOOKUP($B11,casostestes[#Data],8)),"-") -> - | J11: =IFERROR(IF(VLOOKUP($B11,casostestes[#Data],9)=0,"-",VLOOKUP($B11,casostestes[#Data],9)),"-") -> Tarefa de BI com situação alterada para Pendente Divergência de autodeclaração (116) EXCLUÍDA da tarefa Aguardar até a geração automática do PDF da autodeclaração: DTP: Campo DT_RETORNO_SES_CNIS deverá estar preenchido (Descritivo preenchido pelo CNIS) Tabela SES_CNIS_ANALISES (Indica a existência ou não de períodos pendentes) Status SIBE igual a AGUARDANDO ATESTADO ou AGUARDANDO PERÍCIA (conforme a tarefa seja do fluxo ATESTMEDQ ou PRESENCIAL) Na opção "Lista de Ocorrências", o json de integração com o SIBE deverá conter o campo "periodosPendentesSegEsp" com valor true ou false, conforme tenha ou não períodos pendentes.
B12: =IF(ISERR(casostestes[[#This Row],[ID]]),"-",casostestes[[#This Row],[ID]]) -> 5 | C12: =IFERROR(IF(VLOOKUP($B12,casostestes[#Data],10)=0,"Não",VLOOKUP($B12,casostestes[#Data],10)), "-") -> Sim | D12: =IFERROR(IF(VLOOKUP($B12,casostestes[#Data],2)=0,"-",VLOOKUP($B12,casostestes[#Data],2)), "-") -> Integração | E12: =IFERROR(IF(VLOOKUP($B12,casostestes[#Data],3)=0,"-",VLOOKUP($B12,casostestes[#Data],3)), "-") -> 17 Responder o formulário de autodeclaração acessando diretamente a aba segurado especial ao detalhar a tarefa, onde a tarefa encontra-se em exigência de autodeclaração | F12: =IFERROR(IF(VLOOKUP($B12,casostestes[#Data],4)=0,"-",VLOOKUP($B12,casostestes[#Data],4)),"-") -> PAT | G12: =IFERROR(IF(VLOOKUP($B12,casostestes[#Data],5)=0,"-",VLOOKUP($B12,casostestes[#Data],5)),"-") -> SERVIDOR | H12: =IFERROR(IF(VLOOKUP($B12,casostestes[#Data],6)=0,"-",VLOOKUP($B12,casostestes[#Data],6)),"-") -> 1. Logar no Portal do Atendimento INSS com o perfil Servidor 2.Consultar uma tarefa em exigência de autodeclaração 3. Acionar a aba Segurado especial 3. Responder o formulário de autodeclaração até o final | I12: =IFERROR(IF(VLOOKUP($B12,casostestes[#Data],8)=0,"-",VLOOKUP($B12,casostestes[#Data],8)),"-") -> - | J12: =IFERROR(IF(VLOOKUP($B12,casostestes[#Data],9)=0,"-",VLOOKUP($B12,casostestes[#Data],9)),"-") -> Tarefa de BI com situação alterada para Pendente Divergência de autodeclaração (116) EXCLUÍDA da tarefa Aguardar até a geração automática do PDF da autodeclaração: Status SIBE igual a AGUARDANDO ATESTADO ou AGUARDANDO PERÍCIA (conforme a tarefa seja do fluxo ATESTMEDQ ou PRESENCIAL) Na opção "Lista de Ocorrências", o json de integração com o SIBE deverá conter o campo "periodosPendentesSegEsp" com valor true ou false, conforme tenha ou não períodos pendentes.
B13: =IF(ISERR(casostestes[[#This Row],[ID]]),"-",casostestes[[#This Row],[ID]]) -> 6 | C13: =IFERROR(IF(VLOOKUP($B13,casostestes[#Data],10)=0,"Não",VLOOKUP($B13,casostestes[#Data],10)), "-") -> Sim | D13: =IFERROR(IF(VLOOKUP($B13,casostestes[#Data],2)=0,"-",VLOOKUP($B13,casostestes[#Data],2)), "-") -> Integração | E13: =IFERROR(IF(VLOOKUP($B13,casostestes[#Data],3)=0,"-",VLOOKUP($B13,casostestes[#Data],3)), "-") -> 18 Responder o formulário de autodeclaração acessando diretamente a aba segurado especial ao detalhar a tarefa, onde a tarefa encontra-se em exigência de documento médico | F13: =IFERROR(IF(VLOOKUP($B13,casostestes[#Data],4)=0,"-",VLOOKUP($B13,casostestes[#Data],4)),"-") -> PAT | G13: =IFERROR(IF(VLOOKUP($B13,casostestes[#Data],5)=0,"-",VLOOKUP($B13,casostestes[#Data],5)),"-") -> SERVIDOR | H13: =IFERROR(IF(VLOOKUP($B13,casostestes[#Data],6)=0,"-",VLOOKUP($B13,casostestes[#Data],6)),"-") -> 1. Logar no Portal do Atendimento INSS com o perfil Servidor 2.Consultar uma tarefa em exigência de documento médico 3. Acionar a aba Segurado especial 3. Responder o formulário de autodeclaração até o final | I13: =IFERROR(IF(VLOOKUP($B13,casostestes[#Data],8)=0,"-",VLOOKUP($B13,casostestes[#Data],8)),"-") -> - | J13: =IFERROR(IF(VLOOKUP($B13,casostestes[#Data],9)=0,"-",VLOOKUP($B13,casostestes[#Data],9)),"-") -> Tarefa de BI permanece em tarefa em exigência de documento médico Divergência de autodeclaração (116) EXCLUÍDA da tarefa Aguardar até a geração automática do PDF da autodeclaração: Status SIBE continua igual a FLUXO NÃO INICIADO, pois a tarefa encontra-se em exigência de documento médico
B14: =IF(ISERR(casostestes[[#This Row],[ID]]),"-",casostestes[[#This Row],[ID]]) -> 7 | C14: =IFERROR(IF(VLOOKUP($B14,casostestes[#Data],10)=0,"Não",VLOOKUP($B14,casostestes[#Data],10)), "-") -> Sim | D14: =IFERROR(IF(VLOOKUP($B14,casostestes[#Data],2)=0,"-",VLOOKUP($B14,casostestes[#Data],2)), "-") -> Integração | E14: =IFERROR(IF(VLOOKUP($B14,casostestes[#Data],3)=0,"-",VLOOKUP($B14,casostestes[#Data],3)), "-") -> 19 Criar tarefa de BI inicial fluxo ATESTMEDQ para categoria "Segurado especial" onde o parâmetro "Exige Autodeclaração" no Catálogo está ATIVADO, NÃO foi respondida a autodeclaração, NÃO foi incluído o anexo detalhado de AD e cidadão está preso **Parâmetro PAT ligado: 144 - Fluxo ATESTMEDQ | F14: =IFERROR(IF(VLOOKUP($B14,casostestes[#Data],4)=0,"-",VLOOKUP($B14,casostestes[#Data],4)),"-") -> PAT | G14: =IFERROR(IF(VLOOKUP($B14,casostestes[#Data],5)=0,"-",VLOOKUP($B14,casostestes[#Data],5)),"-") -> SERVIDOR | H14: =IFERROR(IF(VLOOKUP($B14,casostestes[#Data],6)=0,"-",VLOOKUP($B14,casostestes[#Data],6)),"-") -> 1. Logar no Portal do Atendimento INSS com o perfil do caso de teste 2.Criar tarefa de BI informando: Tipo de Incapacidade? "Temporária " A pessoa está presa? Sim Categoria do trabalhador "Segurado Especial" A pessoa ficou sem trabalhar? Sim 3. NÃO Informar anexo detalhado de autodeclaração 4. NÃO responder o formulário de autodeclaração | I14: =IFERROR(IF(VLOOKUP($B14,casostestes[#Data],8)=0,"-",VLOOKUP($B14,casostestes[#Data],8)),"-") -> - | J14: =IFERROR(IF(VLOOKUP($B14,casostestes[#Data],9)=0,"-",VLOOKUP($B14,casostestes[#Data],9)),"-") -> Tarefa de BI criada com situação Pendente. Divergência de autodeclaração (116) incluída na tarefa Após execução workflow: Tarefa de BI com situação alterada para Exigência . Após alguns minutos: Tarefa de BI com situação Concluída. Status SIBE igual a INDEFERIDO Na opção "Lista de Ocorrências", o json de integração com o SIBE deverá conter o campo "periodosPendentesSegEsp" com valor NULL DTP: Campo Exige_autodeclaração = 0
B15: =IF(ISERR(casostestes[[#This Row],[ID]]),"-",casostestes[[#This Row],[ID]]) -> 8 | C15: =IFERROR(IF(VLOOKUP($B15,casostestes[#Data],10)=0,"Não",VLOOKUP($B15,casostestes[#Data],10)), "-") -> Sim | D15: =IFERROR(IF(VLOOKUP($B15,casostestes[#Data],2)=0,"-",VLOOKUP($B15,casostestes[#Data],2)), "-") -> Integração | E15: =IFERROR(IF(VLOOKUP($B15,casostestes[#Data],3)=0,"-",VLOOKUP($B15,casostestes[#Data],3)), "-") -> 20 Criar tarefa de BI inicial fluxo ATESTMEDQ para categoria "Segurado especial" onde o parâmetro "Exige Autodeclaração" no Catálogo está ATIVADO, NÃO foi respondida a autodeclaração, NÃO foi incluído o anexo detalhado de AD e cidadão ficou sem trabalhar **Parâmetro PAT ligado: 144 - Fluxo ATESTMEDQ | F15: =IFERROR(IF(VLOOKUP($B15,casostestes[#Data],4)=0,"-",VLOOKUP($B15,casostestes[#Data],4)),"-") -> PAT | G15: =IFERROR(IF(VLOOKUP($B15,casostestes[#Data],5)=0,"-",VLOOKUP($B15,casostestes[#Data],5)),"-") -> SERVIDOR | H15: =IFERROR(IF(VLOOKUP($B15,casostestes[#Data],6)=0,"-",VLOOKUP($B15,casostestes[#Data],6)),"-") -> 1. Logar no Portal do Atendimento INSS com o perfil do caso de teste 2.Criar tarefa de BI informando: Tipo de Incapacidade? "Temporária " A pessoa está presa? Não Categoria do trabalhador "Segurado Especial" A pessoa ficou sem trabalhar? Não 3. Informar anexo detalhado de autodeclaração 4. NÃO responder o formulário de autodeclaração | I15: =IFERROR(IF(VLOOKUP($B15,casostestes[#Data],8)=0,"-",VLOOKUP($B15,casostestes[#Data],8)),"-") -> - | J15: =IFERROR(IF(VLOOKUP($B15,casostestes[#Data],9)=0,"-",VLOOKUP($B15,casostestes[#Data],9)),"-") -> Tarefa de BI criada com situação Pendente. Divergência de autodeclaração (116) incluída na tarefa Após execução workflow: Tarefa de BI com situação alterada para Exigência . Após alguns minutos: Tarefa de BI com situação Concluída. Status SIBE igual a INDEFERIDO Na opção "Lista de Ocorrências", o json de integração com o SIBE deverá conter o campo "periodosPendentesSegEsp" com valor NULL DTP: Campo Exige_autodeclaração = 0
B16: =IF(ISERR(casostestes[[#This Row],[ID]]),"-",casostestes[[#This Row],[ID]]) -> 9 | C16: =IFERROR(IF(VLOOKUP($B16,casostestes[#Data],10)=0,"Não",VLOOKUP($B16,casostestes[#Data],10)), "-") -> Sim | D16: =IFERROR(IF(VLOOKUP($B16,casostestes[#Data],2)=0,"-",VLOOKUP($B16,casostestes[#Data],2)), "-") -> Integração | E16: =IFERROR(IF(VLOOKUP($B16,casostestes[#Data],3)=0,"-",VLOOKUP($B16,casostestes[#Data],3)), "-") -> 21 Criar tarefa de BI inicial fluxo ATESTMEDQ para categoria "Segurado especial" onde o parâmetro "Exige Autodeclaração" no Catálogo está ATIVADO, NÃO foi respondida a autodeclaração e foi incluído o anexo detalhado de AD **Parâmetro PAT ligado: 144 - Fluxo ATESTMEDQ | F16: =IFERROR(IF(VLOOKUP($B16,casostestes[#Data],4)=0,"-",VLOOKUP($B16,casostestes[#Data],4)),"-") -> PAT | G16: =IFERROR(IF(VLOOKUP($B16,casostestes[#Data],5)=0,"-",VLOOKUP($B16,casostestes[#Data],5)),"-") -> SERVIDOR | H16: =IFERROR(IF(VLOOKUP($B16,casostestes[#Data],6)=0,"-",VLOOKUP($B16,casostestes[#Data],6)),"-") -> 1. Logar no Portal do Atendimento INSS com o perfil do caso de teste 2.Criar tarefa de BI informando: Tipo de Incapacidade? "Temporária " A pessoa está presa? Não Categoria do trabalhador "Segurado Especial" A pessoa ficou sem trabalhar? Sim 3. Informar anexo detalhado de autodeclaração 4. NÃO responder o formulário de autodeclaração Resultado 1 5.Alterar via banco de dados a data da exigência para (data atual - 36 dias) Resultado 2 | I16: =IFERROR(IF(VLOOKUP($B16,casostestes[#Data],8)=0,"-",VLOOKUP($B16,casostestes[#Data],8)),"-") -> - | J16: =IFERROR(IF(VLOOKUP($B16,casostestes[#Data],9)=0,"-",VLOOKUP($B16,casostestes[#Data],9)),"-") -> Resultado 1:' Tarefa de BI criada com situação Pendente. Divergência de autodeclaração (116) incluída na tarefa Após execução workflow: Tarefa de BI com situação alterada para Exigência . Status SIBE igual a FLUXO NÃO INICIADO DTP: Campo Exige_autodeclaração = 2 Resultado 2 - Após alguns minutos: Tarefa de BI com situação alterada para Pendente Despacho incluído informando a operação ( fragmento de sigla XXXXXXXXXX ) Divergência de autodeclaração (116) EXCLUÍDA da tarefa Alguns minutos depois: Status SIBE igual a AGUARDANDO ATESTADO Na opção "Lista de Ocorrências", o json de integração com o SIBE deverá conter o campo "periodosPendentesSegEsp" com valor true.
B17: =IF(ISERR(casostestes[[#This Row],[ID]]),"-",casostestes[[#This Row],[ID]]) -> 10 | C17: =IFERROR(IF(VLOOKUP($B17,casostestes[#Data],10)=0,"Não",VLOOKUP($B17,casostestes[#Data],10)), "-") -> Sim | D17: =IFERROR(IF(VLOOKUP($B17,casostestes[#Data],2)=0,"-",VLOOKUP($B17,casostestes[#Data],2)), "-") -> Integração | E17: =IFERROR(IF(VLOOKUP($B17,casostestes[#Data],3)=0,"-",VLOOKUP($B17,casostestes[#Data],3)), "-") -> 22 Criar tarefa de BI inicial fluxo PRESENCIAL para categoria "Segurado especial" onde o parâmetro "Exige Autodeclaração" no Catálogo está ATIVADO, NÃO foi respondida a autodeclaração e NÃO foi incluído o anexo detalhado de AD **Parâmetro PAT ligado: 144 - Fluxo ATESTMEDQ **Parâmetro PAT ligado: 109 -Tipo de Incapacidade Permanente leva à Fluxo Presencial do Novo BI | F17: =IFERROR(IF(VLOOKUP($B17,casostestes[#Data],4)=0,"-",VLOOKUP($B17,casostestes[#Data],4)),"-") -> PAT | G17: =IFERROR(IF(VLOOKUP($B17,casostestes[#Data],5)=0,"-",VLOOKUP($B17,casostestes[#Data],5)),"-") -> SERVIDOR | H17: =IFERROR(IF(VLOOKUP($B17,casostestes[#Data],6)=0,"-",VLOOKUP($B17,casostestes[#Data],6)),"-") -> 1. Logar no Portal do Atendimento INSS com o perfil do caso de teste 2.Criar tarefa de BI informando: Tipo de Incapacidade? "Permanente" A pessoa está presa? Não Houve acidente de trabalho? Não Categoria do trabalhador "Segurado Especial" A pessoa ficou sem trabalhar? Sim 3. NÃO informar anexo detalhado de autodeclaração 5. Realizar agendamento 6. NÃO responder o formulário de autodeclaração Resultado 1 7.Alterar via banco de dados a data da exigência para (data atual - 36 dias) Resulado 2 | I17: =IFERROR(IF(VLOOKUP($B17,casostestes[#Data],8)=0,"-",VLOOKUP($B17,casostestes[#Data],8)),"-") -> - | J17: =IFERROR(IF(VLOOKUP($B17,casostestes[#Data],9)=0,"-",VLOOKUP($B17,casostestes[#Data],9)),"-") -> Resultado 1:' Tarefa de BI criada com situação Pendente. Divergência de autodeclaração (116) incluída na tarefa Após execução workflow: Tarefa de BI com situação alterada para Exigência . Status SIBE igual a FLUXO NÃO INICIADO DTP: Campo Exige_autodeclaração = 1 Resultado 2 - Após alguns minutos: Tarefa de BI com situação alterada para Pendente Despacho incluído informando a operação ( fragmento de sigla XXXXXXXXXX ) Divergência de autodeclaração (116) EXCLUÍDA da tarefa Alguns minutos depois: Status SIBE igual a AGUARDANDO PERÍCIA Na opção "Lista de Ocorrências", o json de integração com o SIBE deverá conter o campo "periodosPendentesSegEsp" com valor null.
B18: =IF(ISERR(casostestes[[#This Row],[ID]]),"-",casostestes[[#This Row],[ID]]) -> 11 | C18: =IFERROR(IF(VLOOKUP($B18,casostestes[#Data],10)=0,"Não",VLOOKUP($B18,casostestes[#Data],10)), "-") -> Sim | D18: =IFERROR(IF(VLOOKUP($B18,casostestes[#Data],2)=0,"-",VLOOKUP($B18,casostestes[#Data],2)), "-") -> Requerimento Inicial de BI | E18: =IFERROR(IF(VLOOKUP($B18,casostestes[#Data],3)=0,"-",VLOOKUP($B18,casostestes[#Data],3)), "-") -> 24 Criar tarefa de BI inicial fluxo ATESTMEDQ para categoria diferente de "Segurado especial" onde o parâmetro "Exige Autodeclaração" no Catálogo está ATIVADO **Parâmetro PAT ligado: 144 - Fluxo ATESTMEDQ | F18: =IFERROR(IF(VLOOKUP($B18,casostestes[#Data],4)=0,"-",VLOOKUP($B18,casostestes[#Data],4)),"-") -> EC | G18: =IFERROR(IF(VLOOKUP($B18,casostestes[#Data],5)=0,"-",VLOOKUP($B18,casostestes[#Data],5)),"-") -> ENTIDADE_CONVENIADA | H18: =IFERROR(IF(VLOOKUP($B18,casostestes[#Data],6)=0,"-",VLOOKUP($B18,casostestes[#Data],6)),"-") -> 1. Logar no Portal do Atendimento INSS com o perfil do caso de teste 2.Criar tarefa de BI informando: Tipo de Incapacidade? "Temporária " A pessoa está presa? Não Categoria do trabalhador diferente de "Segurado Especial" | I18: =IFERROR(IF(VLOOKUP($B18,casostestes[#Data],8)=0,"-",VLOOKUP($B18,casostestes[#Data],8)),"-") -> - | J18: =IFERROR(IF(VLOOKUP($B18,casostestes[#Data],9)=0,"-",VLOOKUP($B18,casostestes[#Data],9)),"-") -> Tarefa de BI criada com situação Pendente. Tarefa SEM Divergência de autodeclaração (116) Status SIBE igual a FLUXO NÃO INICIADO DPT: Tarefa.Exige_autodeclaração = 0
B19: =IF(ISERR(casostestes[[#This Row],[ID]]),"-",casostestes[[#This Row],[ID]]) -> 12 | C19: =IFERROR(IF(VLOOKUP($B19,casostestes[#Data],10)=0,"Não",VLOOKUP($B19,casostestes[#Data],10)), "-") -> Sim | D19: =IFERROR(IF(VLOOKUP($B19,casostestes[#Data],2)=0,"-",VLOOKUP($B19,casostestes[#Data],2)), "-") -> Integração | E19: =IFERROR(IF(VLOOKUP($B19,casostestes[#Data],3)=0,"-",VLOOKUP($B19,casostestes[#Data],3)), "-") -> 26 Criar tarefa de BI inicial fluxo ATESTMEDQ para categoria "Segurado especial" onde o parâmetro "Exige Autodeclaração" no Catálogo está ATIVADO e a autodeclaração tem período pendente **Parâmetro PAT ligado: 144 - Fluxo ATESTMEDQ | F19: =IFERROR(IF(VLOOKUP($B19,casostestes[#Data],4)=0,"-",VLOOKUP($B19,casostestes[#Data],4)),"-") -> EC | G19: =IFERROR(IF(VLOOKUP($B19,casostestes[#Data],5)=0,"-",VLOOKUP($B19,casostestes[#Data],5)),"-") -> ENTIDADE_CONVENIADA | H19: =IFERROR(IF(VLOOKUP($B19,casostestes[#Data],6)=0,"-",VLOOKUP($B19,casostestes[#Data],6)),"-") -> 1. Logar no Portal do Atendimento INSS com o perfil do caso de teste 2.Criar tarefa de BI informando: Tipo de Incapacidade? "Temporária " A pessoa está presa? Não Categoria do trabalhador "Segurado Especial" A pessoa ficou sem trabalhar? Sim 3. Cumprir exigência de documentos obrigatórios 4. Responder formulário da autodeclaração | I19: =IFERROR(IF(VLOOKUP($B19,casostestes[#Data],8)=0,"-",VLOOKUP($B19,casostestes[#Data],8)),"-") -> - | J19: =IFERROR(IF(VLOOKUP($B19,casostestes[#Data],9)=0,"-",VLOOKUP($B19,casostestes[#Data],9)),"-") -> Tarefa de BI criada com situação Pendente. Tarefa SEM Divergência de autodeclaração (116) Status SIBE igual a FLUXO NÃO INICIADO Aguardar até a geração automática do PDF da autodeclaração: DTP: Campo Exige_autodeclaração = 1 Campo DT_RETORNO_SES_CNIS deverá estar preenchido (Descritivo preenchido pelo CNIS) Tabela SES_CNIS_ANALISES (Indica a existência ou não de períodos pendentes) Status SIBE igual a AGUARDANDO ATESTADO Na opção "Lista de Ocorrências", o json de integração com o SIBE deverá conter o campo "periodosPendentesSegEsp" com valor true.
... B200: =IF(ISERR(casostestes[[#This Row],[ID]]),"-",casostestes[[#This Row],[ID]]) -> - | C200: =IFERROR(IF(VLOOKUP($B200,casostestes[#Data],10)=0,"Não",VLOOKUP($B200,casostestes[#Data],10)), "-") -> - | D200: =IFERROR(IF(VLOOKUP($B200,casostestes[#Data],2)=0,"-",VLOOKUP($B200,casostestes[#Data],2)), "-") -> - | E200: =IFERROR(IF(VLOOKUP($B200,casostestes[#Data],3)=0,"-",VLOOKUP($B200,casostestes[#Data],3)), "-") -> - | F200: =IFERROR(IF(VLOOKUP($B200,casostestes[#Data],4)=0,"-",VLOOKUP($B200,casostestes[#Data],4)),"-") -> - | G200: =IFERROR(IF(VLOOKUP($B200,casostestes[#Data],5)=0,"-",VLOOKUP($B200,casostestes[#Data],5)),"-") -> - | H200: =IFERROR(IF(VLOOKUP($B200,casostestes[#Data],6)=0,"-",VLOOKUP($B200,casostestes[#Data],6)),"-") -> - | I200: =IFERROR(IF(VLOOKUP($B200,casostestes[#Data],8)=0,"-",VLOOKUP($B200,casostestes[#Data],8)),"-") -> - | J200: =IFERROR(IF(VLOOKUP($B200,casostestes[#Data],9)=0,"-",VLOOKUP($B200,casostestes[#Data],9)),"-") -> -

Sheet CONFIG
B2: CANAL | D2: PAPEL | F2: STATUS | H2: MACROPROCESSO | J2: HOMOLOGADORES
B3: Central 135 | D3: ATENDENTE_CENTRAL_135 | F3: Aprovado | H3: Requerimento Inicial de BI | J3: Aciria
B4: EC | D4: ENTIDADE_CONVENIADA | F4: Disponível para reteste | H4: Integração | J4: Alexandre
B5: EC - ECT | D5: ENTIDADE_CONVENIADA_CORREIOS | F5: Não Executado
B6: Meu INSS | D6: INTERESSADO | F6: Pendência Externa
B7: PAT | D7: SERVIDOR | F7: Reprovado
F8: Sem massa
F9: Em Teste

Sheet CTS
B1: Portal de Atendimento do INSS - PAT
B2: Autodeclaração do Benefício por Incapacidade
B3: Casos de testes | Cenários
B5: Objetivo:
B7: ID | C7: MACROPROCESSO | D7: CASO DE TESTE | E7: CANAL | F7: PAPEL | G7: FLUXO | H7: MASSA | I7: PARAMETROS | J7: RESULTADO ESPERADO | K7: LIBERADO | L7: ASSUNTO
B8: =IF(B7="ID",1,B7+1) -> 1 | C8: Requerimento Inicial de BI | D8: 6 Criação de tarefa de BI inicial com fluxo ATESTMED para categoria DIFERENTE de Segurado Especial COM exigência de preenchimento da AD. Premissas: Catálogo: Exige autodeclaração = ATIVADO Parâmetro: 144 - Fluxo ATESTMED = LIGADO | E8: Central 135 | F8: ATENDENTE_CENTRAL_135 | G8: 1. Logar no Portal do Atendimento INSS com o perfil do caso de teste 2. Criar tarefa de BI informando: - Tipo de Incapacidade? "Temporário" - A pessoa está presa? "Não" - Categoria do trabalhador "Desempregado" ... - A pessoa ficou sem trabalhar? "Sim" | J8: 1. Na conclusão do requerimento é emitido o aviso: "É necessário apresentar os documentos no prazo de 5 dias. Caso não apresente, o pedido será cancelado." 2. A tarefa de BI criada com STATUS: EM EXIGÊNCIA 3. Status SIBE: Fluxo não iniciado 4. Tarefa COM as divergências: - 174 Ausência do atestado médico | K8: Sim
B9: =IF(B8="ID",1,B8+1) -> 2 | C9: Integração | D9: 12 Criar tarefa de BI inicial fluxo ATESTMEDQ para categoria "Segurado especial" onde o parâmetro "Exige Autodeclaração" no Catálogo está ATIVADO e foi respondida a autodeclaração COM período pendente **Parâmetro PAT ligado: 144 - Fluxo ATESTMEDQ | E9: PAT | F9: SERVIDOR | G9: 1. Logar no Portal do Atendimento INSS com o perfil do caso de teste 2.Criar tarefa de BI informando: Tipo de Incapacidade? "Temporária " A pessoa está presa? Não Categoria do trabalhador "Segurado Especial" A pessoa ficou sem trabalhar? Sim 3. Responder formulário da autodeclaração | J9: Tarefa de BI criada com situação Pendente. Tarefa SEM Divergência de autodeclaração (116) Status SIBE igual a FLUXO NÃO INICIADO Aguardar até a geração automática do PDF da autodeclaração: DTP: Campo Exige_autodeclaração = 1 Campo DT_RETORNO_SES_CNIS deverá estar preenchido (Descritivo preenchido pelo CNIS) Tabela SES_CNIS_ANALISES (Indica a existência ou não de períodos pendentes) Status SIBE igual a AGUARDANDO ATESTADO Na opção "Lista de Ocorrências", o json de integração com o SIBE deverá conter o campo "periodosPendentesSegEsp" com valor true. | K9: Sim
B10: =IF(B9="ID",1,B9+1) -> 3 | C10: Integração | D10: 13 Criar tarefa de BI inicial fluxo ATESTMEDQ para categoria "Segurado especial" onde o parâmetro "Exige Autodeclaração" no Catálogo está ATIVADO e foi respondida a autodeclaração SEM período pendente **Parâmetro PAT ligado: 144 - Fluxo ATESTMEDQ | E10: PAT | F10: SERVIDOR | G10: 1. Logar no Portal do Atendimento INSS com o perfil do caso de teste 2.Criar tarefa de BI informando: Tipo de Incapacidade? "Temporária " A pessoa está presa? Não Categoria do trabalhador "Segurado Especial" A pessoa ficou sem trabalhar? Sim 3. Responder a autodeclaração | J10: Tarefa de BI criada com situação Pendente. Tarefa SEM Divergência de autodeclaração (116) Status SIBE igual a FLUXO NÃO INICIADO Aguardar até a geração automática do PDF da autodeclaração: DTP: Campo Exige_autodeclaração = 1 Campo DT_RETORNO_SES_CNIS deverá estar preenchido (Descritivo preenchido pelo CNIS) Tabela SES_CNIS_ANALISES (Indica a existência ou não de períodos pendentes) Status SIBE igual a AGUARDANDO ATESTADO Na opção "Lista de Ocorrências", o json de integração com o SIBE deverá conter o campo "periodosPendentesSegEsp" com valor false. | K10: Sim
B11: =IF(B10="ID",1,B10+1) -> 4 | C11: Integração | D11: 16 Cumprir a exigência de autodeclaração | E11: PAT | F11: SERVIDOR | G11: 1. Logar no Portal do Atendimento INSS com o perfil Servidor 2.Consultar uma tarefa em exigência de autodeclaração e acionar Cumprir Exigência 3. Responder o formulário de autodeclaração até o final | J11: Tarefa de BI com situação alterada para Pendente Divergência de autodeclaração (116) EXCLUÍDA da tarefa Aguardar até a geração automática do PDF da autodeclaração: DTP: Campo DT_RETORNO_SES_CNIS deverá estar preenchido (Descritivo preenchido pelo CNIS) Tabela SES_CNIS_ANALISES (Indica a existência ou não de períodos pendentes) Status SIBE igual a AGUARDANDO ATESTADO ou AGUARDANDO PERÍCIA (conforme a tarefa seja do fluxo ATESTMEDQ ou PRESENCIAL) Na opção "Lista de Ocorrências", o json de integração com o SIBE deverá conter o campo "periodosPendentesSegEsp" com valor true ou false, conforme tenha ou não períodos pendentes. | K11: Sim
B12: =IF(B11="ID",1,B11+1) -> 5 | C12: Integração | D12: 17 Responder o formulário de autodeclaração acessando diretamente a aba segurado especial ao detalhar a tarefa, onde a tarefa encontra-se em exigência de autodeclaração | E12: PAT | F12: SERVIDOR | G12: 1. Logar no Portal do Atendimento INSS com o perfil Servidor 2.Consultar uma tarefa em exigência de autodeclaração 3. Acionar a aba Segurado especial 3. Responder o formulário de autodeclaração até o final | J12: Tarefa de BI com situação alterada para Pendente Divergência de autodeclaração (116) EXCLUÍDA da tarefa Aguardar até a geração automática do PDF da autodeclaração: Status SIBE igual a AGUARDANDO ATESTADO ou AGUARDANDO PERÍCIA (conforme a tarefa seja do fluxo ATESTMEDQ ou PRESENCIAL) Na opção "Lista de Ocorrências", o json de integração com o SIBE deverá conter o campo "periodosPendentesSegEsp" com valor true ou false, conforme tenha ou não períodos pendentes. | K12: Sim
B13: =IF(B12="ID",1,B12+1) -> 6 | C13: Integração | D13: 18 Responder o formulário de autodeclaração acessando diretamente a aba segurado especial ao detalhar a tarefa, onde a tarefa encontra-se em exigência de documento médico | E13: PAT | F13: SERVIDOR | G13: 1. Logar no Portal do Atendimento INSS com o perfil Servidor 2.Consultar uma tarefa em exigência de documento médico 3. Acionar a aba Segurado especial 3. Responder o formulário de autodeclaração até o final | J13: Tarefa de BI permanece em tarefa em exigência de documento médico Divergência de autodeclaração (116) EXCLUÍDA da tarefa Aguardar até a geração automática do PDF da autodeclaração: Status SIBE continua igual a FLUXO NÃO INICIADO, pois a tarefa encontra-se em exigência de documento médico | K13: Sim
B14: =IF(B13="ID",1,B13+1) -> 7 | C14: Integração | D14: 19 Criar tarefa de BI inicial fluxo ATESTMEDQ para categoria "Segurado especial" onde o parâmetro "Exige Autodeclaração" no Catálogo está ATIVADO, NÃO foi respondida a autodeclaração, NÃO foi incluído o anexo detalhado de AD e cidadão está preso **Parâmetro PAT ligado: 144 - Fluxo ATESTMEDQ | E14: PAT | F14: SERVIDOR | G14: 1. Logar no Portal do Atendimento INSS com o perfil do caso de teste 2.Criar tarefa de BI informando: Tipo de Incapacidade? "Temporária " A pessoa está presa? Sim Categoria do trabalhador "Segurado Especial" A pessoa ficou sem trabalhar? Sim 3. NÃO Informar anexo detalhado de autodeclaração 4. NÃO responder o formulário de autodeclaração | J14: Tarefa de BI criada com situação Pendente. Divergência de autodeclaração (116) incluída na tarefa Após execução workflow: Tarefa de BI com situação alterada para Exigência . Após alguns minutos: Tarefa de BI com situação Concluída. Status SIBE igual a INDEFERIDO Na opção "Lista de Ocorrências", o json de integração com o SIBE deverá conter o campo "periodosPendentesSegEsp" com valor NULL DTP: Campo Exige_autodeclaração = 0 | K14: Sim
B15: =IF(B14="ID",1,B14+1) -> 8 | C15: Integração | D15: 20 Criar tarefa de BI inicial fluxo ATESTMEDQ para categoria "Segurado especial" onde o parâmetro "Exige Autodeclaração" no Catálogo está ATIVADO, NÃO foi respondida a autodeclaração, NÃO foi incluído o anexo detalhado de AD e cidadão ficou sem trabalhar **Parâmetro PAT ligado: 144 - Fluxo ATESTMEDQ | E15: PAT | F15: SERVIDOR | G15: 1. Logar no Portal do Atendimento INSS com o perfil do caso de teste 2.Criar tarefa de BI informando: Tipo de Incapacidade? "Temporária " A pessoa está presa? Não Categoria do trabalhador "Segurado Especial" A pessoa ficou sem trabalhar? Não 3. Informar anexo detalhado de autodeclaração 4. NÃO responder o formulário de autodeclaração | J15: Tarefa de BI criada com situação Pendente. Divergência de autodeclaração (116) incluída na tarefa Após execução workflow: Tarefa de BI com situação alterada para Exigência . Após alguns minutos: Tarefa de BI com situação Concluída. Status SIBE igual a INDEFERIDO Na opção "Lista de Ocorrências", o json de integração com o SIBE deverá conter o campo "periodosPendentesSegEsp" com valor NULL DTP: Campo Exige_autodeclaração = 0 | K15: Sim
B16: =IF(B15="ID",1,B15+1) -> 9 | C16: Integração | D16: 21 Criar tarefa de BI inicial fluxo ATESTMEDQ para categoria "Segurado especial" onde o parâmetro "Exige Autodeclaração" no Catálogo está ATIVADO, NÃO foi respondida a autodeclaração e foi incluído o anexo detalhado de AD **Parâmetro PAT ligado: 144 - Fluxo ATESTMEDQ | E16: PAT | F16: SERVIDOR | G16: 1. Logar no Portal do Atendimento INSS com o perfil do caso de teste 2.Criar tarefa de BI informando: Tipo de Incapacidade? "Temporária " A pessoa está presa? Não Categoria do trabalhador "Segurado Especial" A pessoa ficou sem trabalhar? Sim 3. Informar anexo detalhado de autodeclaração 4. NÃO responder o formulário de autodeclaração Resultado 1 5.Alterar via banco de dados a data da exigência para (data atual - 36 dias) Resultado 2 | J16: Resultado 1:' Tarefa de BI criada com situação Pendente. Divergência de autodeclaração (116) incluída na tarefa Após execução workflow: Tarefa de BI com situação alterada para Exigência . Status SIBE igual a FLUXO NÃO INICIADO DTP: Campo Exige_autodeclaração = 2 Resultado 2 - Após alguns minutos: Tarefa de BI com situação alterada para Pendente Despacho incluído informando a operação ( fragmento de sigla XXXXXXXXXX ) Divergência de autodeclaração (116) EXCLUÍDA da tarefa Alguns minutos depois: Status SIBE igual a AGUARDANDO ATESTADO Na opção "Lista de Ocorrências", o json de integração com o SIBE deverá conter o campo "periodosPendentesSegEsp" com valor true. | K16: Sim
B17: =IF(B16="ID",1,B16+1) -> 10 | C17: Integração | D17: 22 Criar tarefa de BI inicial fluxo PRESENCIAL para categoria "Segurado especial" onde o parâmetro "Exige Autodeclaração" no Catálogo está ATIVADO, NÃO foi respondida a autodeclaração e NÃO foi incluído o anexo detalhado de AD **Parâmetro PAT ligado: 144 - Fluxo ATESTMEDQ **Parâmetro PAT ligado: 109 -Tipo de Incapacidade Permanente leva à Fluxo Presencial do Novo BI | E17: PAT | F17: SERVIDOR | G17: 1. Logar no Portal do Atendimento INSS com o perfil do caso de teste 2.Criar tarefa de BI informando: Tipo de Incapacidade? "Permanente" A pessoa está presa? Não Houve acidente de trabalho? Não Categoria do trabalhador "Segurado Especial" A pessoa ficou sem trabalhar? Sim 3. NÃO informar anexo detalhado de autodeclaração 5. Realizar agendamento 6. NÃO responder o formulário de autodeclaração Resultado 1 7.Alterar via banco de dados a data da exigência para (data atual - 36 dias) Resulado 2 | J17: Resultado 1:' Tarefa de BI criada com situação Pendente. Divergência de autodeclaração (116) incluída na tarefa Após execução workflow: Tarefa de BI com situação alterada para Exigência . Status SIBE igual a FLUXO NÃO INICIADO DTP: Campo Exige_autodeclaração = 1 Resultado 2 - Após alguns minutos: Tarefa de BI com situação alterada para Pendente Despacho incluído informando a operação ( fragmento de sigla XXXXXXXXXX ) Divergência de autodeclaração (116) EXCLUÍDA da tarefa Alguns minutos depois: Status SIBE igual a AGUARDANDO PERÍCIA Na opção "Lista de Ocorrências", o json de integração com o SIBE deverá conter o campo "periodosPendentesSegEsp" com valor null. | K17: Sim
B18: =IF(B17="ID",1,B17+1) -> 11 | C18: Requerimento Inicial de BI | D18: 24 Criar tarefa de BI inicial fluxo ATESTMEDQ para categoria diferente de "Segurado especial" onde o parâmetro "Exige Autodeclaração" no Catálogo está ATIVADO **Parâmetro PAT ligado: 144 - Fluxo ATESTMEDQ | E18: EC | F18: ENTIDADE_CONVENIADA | G18: 1. Logar no Portal do Atendimento INSS com o perfil do caso de teste 2.Criar tarefa de BI informando: Tipo de Incapacidade? "Temporária " A pessoa está presa? Não Categoria do trabalhador diferente de "Segurado Especial" | J18: Tarefa de BI criada com situação Pendente. Tarefa SEM Divergência de autodeclaração (116) Status SIBE igual a FLUXO NÃO INICIADO DPT: Tarefa.Exige_autodeclaração = 0 | K18: Sim
B19: =IF(B18="ID",1,B18+1) -> 12 | C19: Integração | D19: 26 Criar tarefa de BI inicial fluxo ATESTMEDQ para categoria "Segurado especial" onde o parâmetro "Exige Autodeclaração" no Catálogo está ATIVADO e a autodeclaração tem período pendente **Parâmetro PAT ligado: 144 - Fluxo ATESTMEDQ | E19: EC | F19: ENTIDADE_CONVENIADA | G19: 1. Logar no Portal do Atendimento INSS com o perfil do caso de teste 2.Criar tarefa de BI informando: Tipo de Incapacidade? "Temporária " A pessoa está presa? Não Categoria do trabalhador "Segurado Especial" A pessoa ficou sem trabalhar? Sim 3. Cumprir exigência de documentos obrigatórios 4. Responder formulário da autodeclaração | J19: Tarefa de BI criada com situação Pendente. Tarefa SEM Divergência de autodeclaração (116) Status SIBE igual a FLUXO NÃO INICIADO Aguardar até a geração automática do PDF da autodeclaração: DTP: Campo Exige_autodeclaração = 1 Campo DT_RETORNO_SES_CNIS deverá estar preenchido (Descritivo preenchido pelo CNIS) Tabela SES_CNIS_ANALISES (Indica a existência ou não de períodos pendentes) Status SIBE igual a AGUARDANDO ATESTADO Na opção "Lista de Ocorrências", o json de integração com o SIBE deverá conter o campo "periodosPendentesSegEsp" com valor true. | K19: Sim
... B34: =IF(B33="ID",1,B33+1) -> 27 | C34: Integração | D34: 43' Criar tarefa de BI inicial fluxo ATESTMEDQ para categoria "Segurado especial" onde o parâmetro "Exige Autodeclaração" no Catálogo está ATIVADO, NÃO foi respondida a autodeclaração, NÃO foi incluído o anexo detalhado de AD e ocorreu enquadramento na regra da análise de risco **Parâmetro PAT ligado: 144 - Fluxo ATESTMEDQ **Parâmetro PAT ligado: 119 - Habilitar fluxo de Análise de Risco no Novo BI | E34: PAT | F34: SERVIDOR | G34: 1. Logar no Portal do Atendimento INSS com o perfil do caso de teste 2.Criar tarefa de BI informando: Tipo de Incapacidade? "Temporária " A pessoa está presa? Não Categoria do trabalhador "Segurado Especial" A pessoa ficou sem trabalhar? Sim 3. NÃO informar anexo detalhado de autodeclaração 4. NÃO responder o formulário de autodeclaração Resultado 1 5. Executar o serviço do STD simulando enquadramento na regra da análise de risco - Inclusão da divergência 202 (ORIENTAÇÕES NA ABA MASSA) Resultado 2 6. Cumprir a exigência, respondendo o formulário de autodeclaração Resultado 3 | J34: 'Resultado 1: Tarefa de BI criada com situação Pendente e COM Divergência de autodeclaração (116) Após alguns minutos, tarefa de BI alterada para Exigência . Status SIBE igual a FLUXO NÃO INICIADO "Fluxo Inicial do BI" deve ter o valor "ATESTMEDQ" "Fluxo Final do BI" deve ter o valor "ATESTMEDQ" DTP: Campo Exige_autodeclaração = 1 Resultado 2 - Após a execução do serviço do STD: -Cerca de 5 minutos depois, será exibida a divergência da Análise de Risco (202) no requerimento Status SIBE continua igual a FLUXO NÃO INICIADO Resultado 3 - após cumpris exigência de AD: Tarefa de BI com situação Pendente Divergência de falta de autodeclaração (116) excluída da tarefa Aguardar até a geração automática do PDF da autodeclaração: -Alguns minutos depois: Status SIBE igual a AGUARDANDO PERÍCIA -Ocorrências de integração (com SIBE) "tipoInformacaoMedica":0 "periodosPendentesSegEsp" com valor true ou false, conforme tenha ou não períodos pendentes. Seção campos adicionais: "Fluxo Inicial do BI" deve ter o valor "ATESTMEDQ" "Fluxo Final do BI" deve ter o valor "PRESENCIAL" -Alguns minutos depois, o requerimento entrará em exigência de agendamento: Seção "Agendamentos (Perícia)": - A etapa_pericia apresentará o valor AGUARDANDO AGENDAMENTO Aba Despachos: -Inclusão do despacho de exigência de agendamento | K34: Sim

Sheet ACOMPANHAMENTO
B1: Portal de Atendimento do INSS - PAT
B2: Autodeclaração para o Requerimento de Benefício por Incapacidade
B3: Homologador:
B7: # | C7: LIBERADO | D7: MACROPROCESSO | E7: CASO DE TESTE | F7: CANAL | G7: PAPEL | H7: FLUXO | I7: PARÂMETROS | J7: RESULTADO ESPERADO | K7: Orlando | L7: Mauricio | M7: Thaisa | N7: Carlos | O7: Alessandra | P7: Ana_Carolina | Q7: Wanei | R7: Janaina | S7: Andreia | T7: homologador
B8: =IF(ISERR(casostestes[[#This Row],[ID]]),"-",casostestes[[#This Row],[ID]]) -> 1 | C8: =IFERROR(IF(VLOOKUP($B8,casostestes[#Data],10)=0,"Não",VLOOKUP($B8,casostestes[#Data],10)), "-") -> Sim | D8: =IFERROR(IF(VLOOKUP($B8,casostestes[#Data],2)=0,"-",VLOOKUP($B8,casostestes[#Data],2)), "-") -> Requerimento Inicial de BI | E8: =IFERROR(IF(VLOOKUP($B8,casostestes[#Data],3)=0,"-",VLOOKUP($B8,casostestes[#Data],3)), "-") -> 6 Criação de tarefa de BI inicial com fluxo ATESTMED para categoria DIFERENTE de Segurado Especial COM exigência de preenchimento da AD. Premissas: Catálogo: Exige autodeclaração = ATIVADO Parâmetro: 144 - Fluxo ATESTMED = LIGADO | F8: =IFERROR(IF(VLOOKUP($B8,casostestes[#Data],4)=0,"-",VLOOKUP($B8,casostestes[#Data],4)),"-") -> Central 135 | G8: =IFERROR(IF(VLOOKUP($B8,casostestes[#Data],5)=0,"-",VLOOKUP($B8,casostestes[#Data],5)),"-") -> ATENDENTE_CENTRAL_135 | H8: =IFERROR(IF(VLOOKUP($B8,casostestes[#Data],6)=0,"-",VLOOKUP($B8,casostestes[#Data],6)),"-") -> 1. Logar no Portal do Atendimento INSS com o perfil do caso de teste 2. Criar tarefa de BI informando: - Tipo de Incapacidade? "Temporário" - A pessoa está presa? "Não" - Categoria do trabalhador "Desempregado" ... - A pessoa ficou sem trabalhar? "Sim" | I8: =IFERROR(IF(VLOOKUP($B8,casostestes[#Data],8)=0,"-",VLOOKUP($B8,casostestes[#Data],8)),"-") -> - | J8: =IFERROR(IF(VLOOKUP($B8,casostestes[#Data],9)=0,"-",VLOOKUP($B8,casostestes[#Data],9)),"-") -> 1. Na conclusão do requerimento é emitido o aviso: "É necessário apresentar os documentos no prazo de 5 dias. Caso não apresente, o pedido será cancelado." 2. A tarefa de BI criada com STATUS: EM EXIGÊNCIA 3. Status SIBE: Fluxo não iniciado 4. Tarefa COM as divergências: - 174 Ausência do atestado médico | K8: =IFERROR(IF(VLOOKUP($B8,orlando[#Data],12)=0,"Não executado",VLOOKUP($B8,orlando[#Data],12)),"Não executado") -> Não executado | L8: =IFERROR(IF(VLOOKUP($B8,mauricio[#Data],12)=0,"Não executado",VLOOKUP($B8,mauricio[#Data],12)),"Não executado") -> Não executado | M8: =IFERROR(IF(VLOOKUP($B8,Thaisa[#Data],12)=0,"Não executado",VLOOKUP($B8,Thaisa[#Data],12)),"Não executado") -> Não executado | N8: =IFERROR(IF(VLOOKUP($B8,carlos[#Data],12)=0,"Não executado",VLOOKUP($B8,carlos[#Data],12)),"Não executado") -> Aprovado | O8: =IFERROR(IF(VLOOKUP($B8,Alessandra[#Data],12)=0,"Não executado",VLOOKUP($B8,Alessandra[#Data],12)),"Não executado") -> Não executado | P8: =IFERROR(IF(VLOOKUP($B8,AnaCarolina[#Data],12)=0,"Não executado",VLOOKUP($B8,AnaCarolina[#Data],12)),"Não executado") -> Aprovado | Q8: =IFERROR(IF(VLOOKUP($B8,wanei[#Data],12)=0,"Não executado",VLOOKUP($B8,wanei[#Data],12)),"Não executado") -> Aprovado | R8: =IFERROR(IF(VLOOKUP($B8,janaina[#Data],12)=0,"Não executado",VLOOKUP($B8,janaina[#Data],12)),"Não executado") -> Aprovado | S8: =IFERROR(IF(VLOOKUP($B8,andreia[#Data],12)=0,"Não executado",VLOOKUP($B8,andreia[#Data],12)),"Não executado") -> Aprovado | T8: =IFERROR(IF(VLOOKUP(#REF!,homologador[#Data],12)=0,"Não executado",VLOOKUP(#REF!,homologador[#Data],12)),"Não executado") -> Não executado | U8: =COUNTIF(ACOMPANHAMENTO!K8:T8,"Aprovado")+COUNTIF(K8:T8,"Reprovado")+COUNTIF(K8:T8,"Em Teste") -> 5 | V8: =COUNTIF(K8:T8,"Em Teste") -> 0 | W8: =IF(U8>3,IF(V8>1,"SIM","NÃO"),"NÃO") -> NÃO
B9: =IF(ISERR(casostestes[[#This Row],[ID]]),"-",casostestes[[#This Row],[ID]]) -> 2 | C9: =IFERROR(IF(VLOOKUP($B9,casostestes[#Data],10)=0,"Não",VLOOKUP($B9,casostestes[#Data],10)), "-") -> Sim | D9: =IFERROR(IF(VLOOKUP($B9,casostestes[#Data],2)=0,"-",VLOOKUP($B9,casostestes[#Data],2)), "-") -> Integração | E9: =IFERROR(IF(VLOOKUP($B9,casostestes[#Data],3)=0,"-",VLOOKUP($B9,casostestes[#Data],3)), "-") -> 12 Criar tarefa de BI inicial fluxo ATESTMEDQ para categoria "Segurado especial" onde o parâmetro "Exige Autodeclaração" no Catálogo está ATIVADO e foi respondida a autodeclaração COM período pendente **Parâmetro PAT ligado: 144 - Fluxo ATESTMEDQ | F9: =IFERROR(IF(VLOOKUP($B9,casostestes[#Data],4)=0,"-",VLOOKUP($B9,casostestes[#Data],4)),"-") -> PAT | G9: =IFERROR(IF(VLOOKUP($B9,casostestes[#Data],5)=0,"-",VLOOKUP($B9,casostestes[#Data],5)),"-") -> SERVIDOR | H9: =IFERROR(IF(VLOOKUP($B9,casostestes[#Data],6)=0,"-",VLOOKUP($B9,casostestes[#Data],6)),"-") -> 1. Logar no Portal do Atendimento INSS com o perfil do caso de teste 2.Criar tarefa de BI informando: Tipo de Incapacidade? "Temporária " A pessoa está presa? Não Categoria do trabalhador "Segurado Especial" A pessoa ficou sem trabalhar? Sim 3. Responder formulário da autodeclaração | I9: =IFERROR(IF(VLOOKUP($B9,casostestes[#Data],8)=0,"-",VLOOKUP($B9,casostestes[#Data],8)),"-") -> - | J9: =IFERROR(IF(VLOOKUP($B9,casostestes[#Data],9)=0,"-",VLOOKUP($B9,casostestes[#Data],9)),"-") -> Tarefa de BI criada com situação Pendente. Tarefa SEM Divergência de autodeclaração (116) Status SIBE igual a FLUXO NÃO INICIADO Aguardar até a geração automática do PDF da autodeclaração: DTP: Campo Exige_autodeclaração = 1 Campo DT_RETORNO_SES_CNIS deverá estar preenchido (Descritivo preenchido pelo CNIS) Tabela SES_CNIS_ANALISES (Indica a existência ou não de períodos pendentes) Status SIBE igual a AGUARDANDO ATESTADO Na opção "Lista de Ocorrências", o json de integração com o SIBE deverá conter o campo "periodosPendentesSegEsp" com valor true. | K9: =IFERROR(IF(VLOOKUP($B9,orlando[#Data],12)=0,"Não executado",VLOOKUP($B9,orlando[#Data],12)),"Não executado") -> Não executado | L9: =IFERROR(IF(VLOOKUP($B9,mauricio[#Data],12)=0,"Não executado",VLOOKUP($B9,mauricio[#Data],12)),"Não executado") -> Aprovado | M9: =IFERROR(IF(VLOOKUP($B9,Thaisa[#Data],12)=0,"Não executado",VLOOKUP($B9,Thaisa[#Data],12)),"Não executado") -> Não executado | N9: =IFERROR(IF(VLOOKUP($B9,carlos[#Data],12)=0,"Não executado",VLOOKUP($B9,carlos[#Data],12)),"Não executado") -> Aprovado | O9: =IFERROR(IF(VLOOKUP($B9,Alessandra[#Data],12)=0,"Não executado",VLOOKUP($B9,Alessandra[#Data],12)),"Não executado") -> Não executado | P9: =IFERROR(IF(VLOOKUP($B9,AnaCarolina[#Data],12)=0,"Não executado",VLOOKUP($B9,AnaCarolina[#Data],12)),"Não executado") -> Aprovado | Q9: =IFERROR(IF(VLOOKUP($B9,wanei[#Data],12)=0,"Não executado",VLOOKUP($B9,wanei[#Data],12)),"Não executado") -> Aprovado | R9: =IFERROR(IF(VLOOKUP($B9,janaina[#Data],12)=0,"Não executado",VLOOKUP($B9,janaina[#Data],12)),"Não executado") -> Disponível para reteste | S9: =IFERROR(IF(VLOOKUP($B9,andreia[#Data],12)=0,"Não executado",VLOOKUP($B9,andreia[#Data],12)),"Não executado") -> Aprovado | T9: =IFERROR(IF(VLOOKUP(#REF!,homologador[#Data],12)=0,"Não executado",VLOOKUP(#REF!,homologador[#Data],12)),"Não executado") -> Não executado | U9: =COUNTIF(ACOMPANHAMENTO!K9:T9,"Aprovado")+COUNTIF(K9:T9,"Reprovado")+COUNTIF(K9:T9,"Em Teste") -> 5 | V9: =COUNTIF(K9:T9,"Em Teste") -> 0 | W9: =IF(U9>3,IF(V9>1,"SIM","NÃO"),"NÃO") -> NÃO
B10: =IF(ISERR(casostestes[[#This Row],[ID]]),"-",casostestes[[#This Row],[ID]]) -> 3 | C10: =IFERROR(IF(VLOOKUP($B10,casostestes[#Data],10)=0,"Não",VLOOKUP($B10,casostestes[#Data],10)), "-") -> Sim | D10: =IFERROR(IF(VLOOKUP($B10,casostestes[#Data],2)=0,"-",VLOOKUP($B10,casostestes[#Data],2)), "-") -> Integração | E10: =IFERROR(IF(VLOOKUP($B10,casostestes[#Data],3)=0,"-",VLOOKUP($B10,casostestes[#Data],3)), "-") -> 13 Criar tarefa de BI inicial fluxo ATESTMEDQ para categoria "Segurado especial" onde o parâmetro "Exige Autodeclaração" no Catálogo está ATIVADO e foi respondida a autodeclaração SEM período pendente **Parâmetro PAT ligado: 144 - Fluxo ATESTMEDQ | F10: =IFERROR(IF(VLOOKUP($B10,casostestes[#Data],4)=0,"-",VLOOKUP($B10,casostestes[#Data],4)),"-") -> PAT | G10: =IFERROR(IF(VLOOKUP($B10,casostestes[#Data],5)=0,"-",VLOOKUP($B10,casostestes[#Data],5)),"-") -> SERVIDOR | H10: =IFERROR(IF(VLOOKUP($B10,casostestes[#Data],6)=0,"-",VLOOKUP($B10,casostestes[#Data],6)),"-") -> 1. Logar no Portal do Atendimento INSS com o perfil do caso de teste 2.Criar tarefa de BI informando: Tipo de Incapacidade? "Temporária " A pessoa está presa? Não Categoria do trabalhador "Segurado Especial" A pessoa ficou sem trabalhar? Sim 3. Responder a autodeclaração | I10: =IFERROR(IF(VLOOKUP($B10,casostestes[#Data],8)=0,"-",VLOOKUP($B10,casostestes[#Data],8)),"-") -> - | J10: =IFERROR(IF(VLOOKUP($B10,casostestes[#Data],9)=0,"-",VLOOKUP($B10,casostestes[#Data],9)),"-") -> Tarefa de BI criada com situação Pendente. Tarefa SEM Divergência de autodeclaração (116) Status SIBE igual a FLUXO NÃO INICIADO Aguardar até a geração automática do PDF da autodeclaração: DTP: Campo Exige_autodeclaração = 1 Campo DT_RETORNO_SES_CNIS deverá estar preenchido (Descritivo preenchido pelo CNIS) Tabela SES_CNIS_ANALISES (Indica a existência ou não de períodos pendentes) Status SIBE igual a AGUARDANDO ATESTADO Na opção "Lista de Ocorrências", o json de integração com o SIBE deverá conter o campo "periodosPendentesSegEsp" com valor false. | K10: =IFERROR(IF(VLOOKUP($B10,orlando[#Data],12)=0,"Não executado",VLOOKUP($B10,orlando[#Data],12)),"Não executado") -> Não executado | L10: =IFERROR(IF(VLOOKUP($B10,mauricio[#Data],12)=0,"Não executado",VLOOKUP($B10,mauricio[#Data],12)),"Não executado") -> Aprovado | M10: =IFERROR(IF(VLOOKUP($B10,Thaisa[#Data],12)=0,"Não executado",VLOOKUP($B10,Thaisa[#Data],12)),"Não executado") -> Não executado | N10: =IFERROR(IF(VLOOKUP($B10,carlos[#Data],12)=0,"Não executado",VLOOKUP($B10,carlos[#Data],12)),"Não executado") -> Disponível para reteste | O10: =IFERROR(IF(VLOOKUP($B10,Alessandra[#Data],12)=0,"Não executado",VLOOKUP($B10,Alessandra[#Data],12)),"Não executado") -> Não executado | P10: =IFERROR(IF(VLOOKUP($B10,AnaCarolina[#Data],12)=0,"Não executado",VLOOKUP($B10,AnaCarolina[#Data],12)),"Não executado") -> Aprovado | Q10: =IFERROR(IF(VLOOKUP($B10,wanei[#Data],12)=0,"Não executado",VLOOKUP($B10,wanei[#Data],12)),"Não executado") -> Aprovado | R10: =IFERROR(IF(VLOOKUP($B10,janaina[#Data],12)=0,"Não executado",VLOOKUP($B10,janaina[#Data],12)),"Não executado") -> Disponível para reteste | S10: =IFERROR(IF(VLOOKUP($B10,andreia[#Data],12)=0,"Não executado",VLOOKUP($B10,andreia[#Data],12)),"Não executado") -> Aprovado | T10: =IFERROR(IF(VLOOKUP(#REF!,homologador[#Data],12)=0,"Não executado",VLOOKUP(#REF!,homologador[#Data],12)),"Não executado") -> Não executado | U10: =COUNTIF(ACOMPANHAMENTO!K10:T10,"Aprovado")+COUNTIF(K10:T10,"Reprovado")+COUNTIF(K10:T10,"Em Teste") -> 4 | V10: =COUNTIF(K10:T10,"Em Teste") -> 0 | W10: =IF(U10>3,IF(V10>1,"SIM","NÃO"),"NÃO") -> NÃO
B11: =IF(ISERR(casostestes[[#This Row],[ID]]),"-",casostestes[[#This Row],[ID]]) -> 4 | C11: =IFERROR(IF(VLOOKUP($B11,casostestes[#Data],10)=0,"Não",VLOOKUP($B11,casostestes[#Data],10)), "-") -> Sim | D11: =IFERROR(IF(VLOOKUP($B11,casostestes[#Data],2)=0,"-",VLOOKUP($B11,casostestes[#Data],2)), "-") -> Integração | E11: =IFERROR(IF(VLOOKUP($B11,casostestes[#Data],3)=0,"-",VLOOKUP($B11,casostestes[#Data],3)), "-") -> 16 Cumprir a exigência de autodeclaração | F11: =IFERROR(IF(VLOOKUP($B11,casostestes[#Data],4)=0,"-",VLOOKUP($B11,casostestes[#Data],4)),"-") -> PAT | G11: =IFERROR(IF(VLOOKUP($B11,casostestes[#Data],5)=0,"-",VLOOKUP($B11,casostestes[#Data],5)),"-") -> SERVIDOR | H11: =IFERROR(IF(VLOOKUP($B11,casostestes[#Data],6)=0,"-",VLOOKUP($B11,casostestes[#Data],6)),"-") -> 1. Logar no Portal do Atendimento INSS com o perfil Servidor 2.Consultar uma tarefa em exigência de autodeclaração e acionar Cumprir Exigência 3. Responder o formulário de autodeclaração até o final | I11: =IFERROR(IF(VLOOKUP($B11,casostestes[#Data],8)=0,"-",VLOOKUP($B11,casostestes[#Data],8)),"-") -> - | J11: =IFERROR(IF(VLOOKUP($B11,casostestes[#Data],9)=0,"-",VLOOKUP($B11,casostestes[#Data],9)),"-") -> Tarefa de BI com situação alterada para Pendente Divergência de autodeclaração (116) EXCLUÍDA da tarefa Aguardar até a geração automática do PDF da autodeclaração: DTP: Campo DT_RETORNO_SES_CNIS deverá estar preenchido (Descritivo preenchido pelo CNIS) Tabela SES_CNIS_ANALISES (Indica a existência ou não de períodos pendentes) Status SIBE igual a AGUARDANDO ATESTADO ou AGUARDANDO PERÍCIA (conforme a tarefa seja do fluxo ATESTMEDQ ou PRESENCIAL) Na opção "Lista de Ocorrências", o json de integração com o SIBE deverá conter o campo "periodosPendentesSegEsp" com valor true ou false, conforme tenha ou não períodos pendentes. | K11: =IFERROR(IF(VLOOKUP($B11,orlando[#Data],12)=0,"Não executado",VLOOKUP($B11,orlando[#Data],12)),"Não executado") -> Não executado | L11: =IFERROR(IF(VLOOKUP($B11,mauricio[#Data],12)=0,"Não executado",VLOOKUP($B11,mauricio[#Data],12)),"Não executado") -> Aprovado | M11: =IFERROR(IF(VLOOKUP($B11,Thaisa[#Data],12)=0,"Não executado",VLOOKUP($B11,Thaisa[#Data],12)),"Não executado") -> Não executado | N11: =IFERROR(IF(VLOOKUP($B11,carlos[#Data],12)=0,"Não executado",VLOOKUP($B11,carlos[#Data],12)),"Não executado") -> Disponível para reteste | O11: =IFERROR(IF(VLOOKUP($B11,Alessandra[#Data],12)=0,"Não executado",VLOOKUP($B11,Alessandra[#Data],12)),"Não executado") -> Não executado | P11: =IFERROR(IF(VLOOKUP($B11,AnaCarolina[#Data],12)=0,"Não executado",VLOOKUP($B11,AnaCarolina[#Data],12)),"Não executado") -> Aprovado | Q11: =IFERROR(IF(VLOOKUP($B11,wanei[#Data],12)=0,"Não executado",VLOOKUP($B11,wanei[#Data],12)),"Não executado") -> Aprovado | R11: =IFERROR(IF(VLOOKUP($B11,janaina[#Data],12)=0,"Não executado",VLOOKUP($B11,janaina[#Data],12)),"Não executado") -> Aprovado | S11: =IFERROR(IF(VLOOKUP($B11,andreia[#Data],12)=0,"Não executado",VLOOKUP($B11,andreia[#Data],12)),"Não executado") -> Aprovado | T11: =IFERROR(IF(VLOOKUP(#REF!,homologador[#Data],12)=0,"Não executado",VLOOKUP(#REF!,homologador[#Data],12)),"Não executado") -> Não executado | U11: =COUNTIF(ACOMPANHAMENTO!K11:T11,"Aprovado")+COUNTIF(K11:T11,"Reprovado")+COUNTIF(K11:T11,"Em Teste") -> 5 | V11: =COUNTIF(K11:T11,"Em Teste") -> 0 | W11: =IF(U11>3,IF(V11>1,"SIM","NÃO"),"NÃO") -> NÃO
B12: =IF(ISERR(casostestes[[#This Row],[ID]]),"-",casostestes[[#This Row],[ID]]) -> 5 | C12: =IFERROR(IF(VLOOKUP($B12,casostestes[#Data],10)=0,"Não",VLOOKUP($B12,casostestes[#Data],10)), "-") -> Sim | D12: =IFERROR(IF(VLOOKUP($B12,casostestes[#Data],2)=0,"-",VLOOKUP($B12,casostestes[#Data],2)), "-") -> Integração | E12: =IFERROR(IF(VLOOKUP($B12,casostestes[#Data],3)=0,"-",VLOOKUP($B12,casostestes[#Data],3)), "-") -> 17 Responder o formulário de autodeclaração acessando diretamente a aba segurado especial ao detalhar a tarefa, onde a tarefa encontra-se em exigência de autodeclaração | F12: =IFERROR(IF(VLOOKUP($B12,casostestes[#Data],4)=0,"-",VLOOKUP($B12,casostestes[#Data],4)),"-") -> PAT | G12: =IFERROR(IF(VLOOKUP($B12,casostestes[#Data],5)=0,"-",VLOOKUP($B12,casostestes[#Data],5)),"-") -> SERVIDOR | H12: =IFERROR(IF(VLOOKUP($B12,casostestes[#Data],6)=0,"-",VLOOKUP($B12,casostestes[#Data],6)),"-") -> 1. Logar no Portal do Atendimento INSS com o perfil Servidor 2.Consultar uma tarefa em exigência de autodeclaração 3. Acionar a aba Segurado especial 3. Responder o formulário de autodeclaração até o final | I12: =IFERROR(IF(VLOOKUP($B12,casostestes[#Data],8)=0,"-",VLOOKUP($B12,casostestes[#Data],8)),"-") -> - | J12: =IFERROR(IF(VLOOKUP($B12,casostestes[#Data],9)=0,"-",VLOOKUP($B12,casostestes[#Data],9)),"-") -> Tarefa de BI com situação alterada para Pendente Divergência de autodeclaração (116) EXCLUÍDA da tarefa Aguardar até a geração automática do PDF da autodeclaração: Status SIBE igual a AGUARDANDO ATESTADO ou AGUARDANDO PERÍCIA (conforme a tarefa seja do fluxo ATESTMEDQ ou PRESENCIAL) Na opção "Lista de Ocorrências", o json de integração com o SIBE deverá conter o campo "periodosPendentesSegEsp" com valor true ou false, conforme tenha ou não períodos pendentes. | K12: =IFERROR(IF(VLOOKUP($B12,orlando[#Data],12)=0,"Não executado",VLOOKUP($B12,orlando[#Data],12)),"Não executado") -> Não executado | L12: =IFERROR(IF(VLOOKUP($B12,mauricio[#Data],12)=0,"Não executado",VLOOKUP($B12,mauricio[#Data],12)),"Não executado") -> Aprovado | M12: =IFERROR(IF(VLOOKUP($B12,Thaisa[#Data],12)=0,"Não executado",VLOOKUP($B12,Thaisa[#Data],12)),"Não executado") -> Não executado | N12: =IFERROR(IF(VLOOKUP($B12,carlos[#Data],12)=0,"Não executado",VLOOKUP($B12,carlos[#Data],12)),"Não executado") -> Aprovado | O12: =IFERROR(IF(VLOOKUP($B12,Alessandra[#Data],12)=0,"Não executado",VLOOKUP($B12,Alessandra[#Data],12)),"Não executado") -> Não executado | P12: =IFERROR(IF(VLOOKUP($B12,AnaCarolina[#Data],12)=0,"Não executado",VLOOKUP($B12,AnaCarolina[#Data],12)),"Não executado") -> Em Teste | Q12: =IFERROR(IF(VLOOKUP($B12,wanei[#Data],12)=0,"Não executado",VLOOKUP($B12,wanei[#Data],12)),"Não executado") -> Aprovado | R12: =IFERROR(IF(VLOOKUP($B12,janaina[#Data],12)=0,"Não executado",VLOOKUP($B12,janaina[#Data],12)),"Não executado") -> Aprovado | S12: =IFERROR(IF(VLOOKUP($B12,andreia[#Data],12)=0,"Não executado",VLOOKUP($B12,andreia[#Data],12)),"Não executado") -> Aprovado | T12: =IFERROR(IF(VLOOKUP(#REF!,homologador[#Data],12)=0,"Não executado",VLOOKUP(#REF!,homologador[#Data],12)),"Não executado") -> Não executado | U12: =COUNTIF(ACOMPANHAMENTO!K12:T12,"Aprovado")+COUNTIF(K12:T12,"Reprovado")+COUNTIF(K12:T12,"Em Teste") -> 6 | V12: =COUNTIF(K12:T12,"Em Teste") -> 1 | W12: =IF(U12>3,IF(V12>1,"SIM","NÃO"),"NÃO") -> NÃO
B13: =IF(ISERR(casostestes[[#This Row],[ID]]),"-",casostestes[[#This Row],[ID]]) -> 6 | C13: =IFERROR(IF(VLOOKUP($B13,casostestes[#Data],10)=0,"Não",VLOOKUP($B13,casostestes[#Data],10)), "-") -> Sim | D13: =IFERROR(IF(VLOOKUP($B13,casostestes[#Data],2)=0,"-",VLOOKUP($B13,casostestes[#Data],2)), "-") -> Integração | E13: =IFERROR(IF(VLOOKUP($B13,casostestes[#Data],3)=0,"-",VLOOKUP($B13,casostestes[#Data],3)), "-") -> 18 Responder o formulário de autodeclaração acessando diretamente a aba segurado especial ao detalhar a tarefa, onde a tarefa encontra-se em exigência de documento médico | F13: =IFERROR(IF(VLOOKUP($B13,casostestes[#Data],4)=0,"-",VLOOKUP($B13,casostestes[#Data],4)),"-") -> PAT | G13: =IFERROR(IF(VLOOKUP($B13,casostestes[#Data],5)=0,"-",VLOOKUP($B13,casostestes[#Data],5)),"-") -> SERVIDOR | H13: =IFERROR(IF(VLOOKUP($B13,casostestes[#Data],6)=0,"-",VLOOKUP($B13,casostestes[#Data],6)),"-") -> 1. Logar no Portal do Atendimento INSS com o perfil Servidor 2.Consultar uma tarefa em exigência de documento médico 3. Acionar a aba Segurado especial 3. Responder o formulário de autodeclaração até o final | I13: =IFERROR(IF(VLOOKUP($B13,casostestes[#Data],8)=0,"-",VLOOKUP($B13,casostestes[#Data],8)),"-") -> - | J13: =IFERROR(IF(VLOOKUP($B13,casostestes[#Data],9)=0,"-",VLOOKUP($B13,casostestes[#Data],9)),"-") -> Tarefa de BI permanece em tarefa em exigência de documento médico Divergência de autodeclaração (116) EXCLUÍDA da tarefa Aguardar até a geração automática do PDF da autodeclaração: Status SIBE continua igual a FLUXO NÃO INICIADO, pois a tarefa encontra-se em exigência de documento médico | K13: =IFERROR(IF(VLOOKUP($B13,orlando[#Data],12)=0,"Não executado",VLOOKUP($B13,orlando[#Data],12)),"Não executado") -> Não executado | L13: =IFERROR(IF(VLOOKUP($B13,mauricio[#Data],12)=0,"Não executado",VLOOKUP($B13,mauricio[#Data],12)),"Não executado") -> Aprovado | M13: =IFERROR(IF(VLOOKUP($B13,Thaisa[#Data],12)=0,"Não executado",VLOOKUP($B13,Thaisa[#Data],12)),"Não executado") -> Não executado | N13: =IFERROR(IF(VLOOKUP($B13,carlos[#Data],12)=0,"Não executado",VLOOKUP($B13,carlos[#Data],12)),"Não executado") -> Aprovado | O13: =IFERROR(IF(VLOOKUP($B13,Alessandra[#Data],12)=0,"Não executado",VLOOKUP($B13,Alessandra[#Data],12)),"Não executado") -> Não executado | P13: =IFERROR(IF(VLOOKUP($B13,AnaCarolina[#Data],12)=0,"Não executado",VLOOKUP($B13,AnaCarolina[#Data],12)),"Não executado") -> Aprovado | Q13: =IFERROR(IF(VLOOKUP($B13,wanei[#Data],12)=0,"Não executado",VLOOKUP($B13,wanei[#Data],12)),"Não executado") -> Aprovado | R13: =IFERROR(IF(VLOOKUP($B13,janaina[#Data],12)=0,"Não executado",VLOOKUP($B13,janaina[#Data],12)),"Não executado") -> Aprovado | S13: =IFERROR(IF(VLOOKUP($B13,andreia[#Data],12)=0,"Não executado",VLOOKUP($B13,andreia[#Data],12)),"Não executado") -> Não executado | T13: =IFERROR(IF(VLOOKUP(#REF!,homologador[#Data],12)=0,"Não executado",VLOOKUP(#REF!,homologador[#Data],12)),"Não executado") -> Não executado | U13: =COUNTIF(ACOMPANHAMENTO!K13:T13,"Aprovado")+COUNTIF(K13:T13,"Reprovado")+COUNTIF(K13:T13,"Em Teste") -> 5 | V13: =COUNTIF(K13:T13,"Em Teste") -> 0 | W13: =IF(U13>3,IF(V13>1,"SIM","NÃO"),"NÃO") -> NÃO
B14: =IF(ISERR(casostestes[[#This Row],[ID]]),"-",casostestes[[#This Row],[ID]]) -> 7 | C14: =IFERROR(IF(VLOOKUP($B14,casostestes[#Data],10)=0,"Não",VLOOKUP($B14,casostestes[#Data],10)), "-") -> Sim | D14: =IFERROR(IF(VLOOKUP($B14,casostestes[#Data],2)=0,"-",VLOOKUP($B14,casostestes[#Data],2)), "-") -> Integração | E14: =IFERROR(IF(VLOOKUP($B14,casostestes[#Data],3)=0,"-",VLOOKUP($B14,casostestes[#Data],3)), "-") -> 19 Criar tarefa de BI inicial fluxo ATESTMEDQ para categoria "Segurado especial" onde o parâmetro "Exige Autodeclaração" no Catálogo está ATIVADO, NÃO foi respondida a autodeclaração, NÃO foi incluído o anexo detalhado de AD e cidadão está preso **Parâmetro PAT ligado: 144 - Fluxo ATESTMEDQ | F14: =IFERROR(IF(VLOOKUP($B14,casostestes[#Data],4)=0,"-",VLOOKUP($B14,casostestes[#Data],4)),"-") -> PAT | G14: =IFERROR(IF(VLOOKUP($B14,casostestes[#Data],5)=0,"-",VLOOKUP($B14,casostestes[#Data],5)),"-") -> SERVIDOR | H14: =IFERROR(IF(VLOOKUP($B14,casostestes[#Data],6)=0,"-",VLOOKUP($B14,casostestes[#Data],6)),"-") -> 1. Logar no Portal do Atendimento INSS com o perfil do caso de teste 2.Criar tarefa de BI informando: Tipo de Incapacidade? "Temporária " A pessoa está presa? Sim Categoria do trabalhador "Segurado Especial" A pessoa ficou sem trabalhar? Sim 3. NÃO Informar anexo detalhado de autodeclaração 4. NÃO responder o formulário de autodeclaração | I14: =IFERROR(IF(VLOOKUP($B14,casostestes[#Data],8)=0,"-",VLOOKUP($B14,casostestes[#Data],8)),"-") -> - | J14: =IFERROR(IF(VLOOKUP($B14,casostestes[#Data],9)=0,"-",VLOOKUP($B14,casostestes[#Data],9)),"-") -> Tarefa de BI criada com situação Pendente. Divergência de autodeclaração (116) incluída na tarefa Após execução workflow: Tarefa de BI com situação alterada para Exigência . Após alguns minutos: Tarefa de BI com situação Concluída. Status SIBE igual a INDEFERIDO Na opção "Lista de Ocorrências", o json de integração com o SIBE deverá conter o campo "periodosPendentesSegEsp" com valor NULL DTP: Campo Exige_autodeclaração = 0 | K14: =IFERROR(IF(VLOOKUP($B14,orlando[#Data],12)=0,"Não executado",VLOOKUP($B14,orlando[#Data],12)),"Não executado") -> Não executado | L14: =IFERROR(IF(VLOOKUP($B14,mauricio[#Data],12)=0,"Não executado",VLOOKUP($B14,mauricio[#Data],12)),"Não executado") -> Aprovado | M14: =IFERROR(IF(VLOOKUP($B14,Thaisa[#Data],12)=0,"Não executado",VLOOKUP($B14,Thaisa[#Data],12)),"Não executado") -> Não executado | N14: =IFERROR(IF(VLOOKUP($B14,carlos[#Data],12)=0,"Não executado",VLOOKUP($B14,carlos[#Data],12)),"Não executado") -> Aprovado | O14: =IFERROR(IF(VLOOKUP($B14,Alessandra[#Data],12)=0,"Não executado",VLOOKUP($B14,Alessandra[#Data],12)),"Não executado") -> Não executado | P14: =IFERROR(IF(VLOOKUP($B14,AnaCarolina[#Data],12)=0,"Não executado",VLOOKUP($B14,AnaCarolina[#Data],12)),"Não executado") -> Aprovado | Q14: =IFERROR(IF(VLOOKUP($B14,wanei[#Data],12)=0,"Não executado",VLOOKUP($B14,wanei[#Data],12)),"Não executado") -> Aprovado | R14: =IFERROR(IF(VLOOKUP($B14,janaina[#Data],12)=0,"Não executado",VLOOKUP($B14,janaina[#Data],12)),"Não executado") -> Aprovado | S14: =IFERROR(IF(VLOOKUP($B14,andreia[#Data],12)=0,"Não executado",VLOOKUP($B14,andreia[#Data],12)),"Não executado") -> Aprovado | T14: =IFERROR(IF(VLOOKUP(#REF!,homologador[#Data],12)=0,"Não executado",VLOOKUP(#REF!,homologador[#Data],12)),"Não executado") -> Não executado | U14: =COUNTIF(ACOMPANHAMENTO!K14:T14,"Aprovado")+COUNTIF(K14:T14,"Reprovado")+COUNTIF(K14:T14,"Em Teste") -> 6 | V14: =COUNTIF(K14:T14,"Em Teste") -> 0 | W14: =IF(U14>3,IF(V14>1,"SIM","NÃO"),"NÃO") -> NÃO
B15: =IF(ISERR(casostestes[[#This Row],[ID]]),"-",casostestes[[#This Row],[ID]]) -> 8 | C15: =IFERROR(IF(VLOOKUP($B15,casostestes[#Data],10)=0,"Não",VLOOKUP($B15,casostestes[#Data],10)), "-") -> Sim | D15: =IFERROR(IF(VLOOKUP($B15,casostestes[#Data],2)=0,"-",VLOOKUP($B15,casostestes[#Data],2)), "-") -> Integração | E15: =IFERROR(IF(VLOOKUP($B15,casostestes[#Data],3)=0,"-",VLOOKUP($B15,casostestes[#Data],3)), "-") -> 20 Criar tarefa de BI inicial fluxo ATESTMEDQ para categoria "Segurado especial" onde o parâmetro "Exige Autodeclaração" no Catálogo está ATIVADO, NÃO foi respondida a autodeclaração, NÃO foi incluído o anexo detalhado de AD e cidadão ficou sem trabalhar **Parâmetro PAT ligado: 144 - Fluxo ATESTMEDQ | F15: =IFERROR(IF(VLOOKUP($B15,casostestes[#Data],4)=0,"-",VLOOKUP($B15,casostestes[#Data],4)),"-") -> PAT | G15: =IFERROR(IF(VLOOKUP($B15,casostestes[#Data],5)=0,"-",VLOOKUP($B15,casostestes[#Data],5)),"-") -> SERVIDOR | H15: =IFERROR(IF(VLOOKUP($B15,casostestes[#Data],6)=0,"-",VLOOKUP($B15,casostestes[#Data],6)),"-") -> 1. Logar no Portal do Atendimento INSS com o perfil do caso de teste 2.Criar tarefa de BI informando: Tipo de Incapacidade? "Temporária " A pessoa está presa? Não Categoria do trabalhador "Segurado Especial" A pessoa ficou sem trabalhar? Não 3. Informar anexo detalhado de autodeclaração 4. NÃO responder o formulário de autodeclaração | I15: =IFERROR(IF(VLOOKUP($B15,casostestes[#Data],8)=0,"-",VLOOKUP($B15,casostestes[#Data],8)),"-") -> - | J15: =IFERROR(IF(VLOOKUP($B15,casostestes[#Data],9)=0,"-",VLOOKUP($B15,casostestes[#Data],9)),"-") -> Tarefa de BI criada com situação Pendente. Divergência de autodeclaração (116) incluída na tarefa Após execução workflow: Tarefa de BI com situação alterada para Exigência . Após alguns minutos: Tarefa de BI com situação Concluída. Status SIBE igual a INDEFERIDO Na opção "Lista de Ocorrências", o json de integração com o SIBE deverá conter o campo "periodosPendentesSegEsp" com valor NULL DTP: Campo Exige_autodeclaração = 0 | K15: =IFERROR(IF(VLOOKUP($B15,orlando[#Data],12)=0,"Não executado",VLOOKUP($B15,orlando[#Data],12)),"Não executado") -> Aprovado | L15: =IFERROR(IF(VLOOKUP($B15,mauricio[#Data],12)=0,"Não executado",VLOOKUP($B15,mauricio[#Data],12)),"Não executado") -> Aprovado | M15: =IFERROR(IF(VLOOKUP($B15,Thaisa[#Data],12)=0,"Não executado",VLOOKUP($B15,Thaisa[#Data],12)),"Não executado") -> Não executado | N15: =IFERROR(IF(VLOOKUP($B15,carlos[#Data],12)=0,"Não executado",VLOOKUP($B15,carlos[#Data],12)),"Não executado") -> Pendência Externa | O15: =IFERROR(IF(VLOOKUP($B15,Alessandra[#Data],12)=0,"Não executado",VLOOKUP($B15,Alessandra[#Data],12)),"Não executado") -> Não executado | P15: =IFERROR(IF(VLOOKUP($B15,AnaCarolina[#Data],12)=0,"Não executado",VLOOKUP($B15,AnaCarolina[#Data],12)),"Não executado") -> Aprovado | Q15: =IFERROR(IF(VLOOKUP($B15,wanei[#Data],12)=0,"Não executado",VLOOKUP($B15,wanei[#Data],12)),"Não executado") -> Aprovado | R15: =IFERROR(IF(VLOOKUP($B15,janaina[#Data],12)=0,"Não executado",VLOOKUP($B15,janaina[#Data],12)),"Não executado") -> Aprovado | S15: =IFERROR(IF(VLOOKUP($B15,andreia[#Data],12)=0,"Não executado",VLOOKUP($B15,andreia[#Data],12)),"Não executado") -> Aprovado | T15: =IFERROR(IF(VLOOKUP(#REF!,homologador[#Data],12)=0,"Não executado",VLOOKUP(#REF!,homologador[#Data],12)),"Não executado") -> Não executado | U15: =COUNTIF(ACOMPANHAMENTO!K15:T15,"Aprovado")+COUNTIF(K15:T15,"Reprovado")+COUNTIF(K15:T15,"Em Teste") -> 6 | V15: =COUNTIF(K15:T15,"Em Teste") -> 0 | W15: =IF(U15>3,IF(V15>1,"SIM","NÃO"),"NÃO") -> NÃO
B16: =IF(ISERR(casostestes[[#This Row],[ID]]),"-",casostestes[[#This Row],[ID]]) -> 9 | C16: =IFERROR(IF(VLOOKUP($B16,casostestes[#Data],10)=0,"Não",VLOOKUP($B16,casostestes[#Data],10)), "-") -> Sim | D16: =IFERROR(IF(VLOOKUP($B16,casostestes[#Data],2)=0,"-",VLOOKUP($B16,casostestes[#Data],2)), "-") -> Integração | E16: =IFERROR(IF(VLOOKUP($B16,casostestes[#Data],3)=0,"-",VLOOKUP($B16,casostestes[#Data],3)), "-") -> 21 Criar tarefa de BI inicial fluxo ATESTMEDQ para categoria "Segurado especial" onde o parâmetro "Exige Autodeclaração" no Catálogo está ATIVADO, NÃO foi respondida a autodeclaração e foi incluído o anexo detalhado de AD **Parâmetro PAT ligado: 144 - Fluxo ATESTMEDQ | F16: EC | G16: =IFERROR(IF(VLOOKUP($B16,casostestes[#Data],5)=0,"-",VLOOKUP($B16,casostestes[#Data],5)),"-") -> SERVIDOR | H16: =IFERROR(IF(VLOOKUP($B16,casostestes[#Data],6)=0,"-",VLOOKUP($B16,casostestes[#Data],6)),"-") -> 1. Logar no Portal do Atendimento INSS com o perfil do caso de teste 2.Criar tarefa de BI informando: Tipo de Incapacidade? "Temporária " A pessoa está presa? Não Categoria do trabalhador "Segurado Especial" A pessoa ficou sem trabalhar? Sim 3. Informar anexo detalhado de autodeclaração 4. NÃO responder o formulário de autodeclaração Resultado 1 5.Alterar via banco de dados a data da exigência para (data atual - 36 dias) Resultado 2 | I16: =IFERROR(IF(VLOOKUP($B16,casostestes[#Data],8)=0,"-",VLOOKUP($B16,casostestes[#Data],8)),"-") -> - | J16: =IFERROR(IF(VLOOKUP($B16,casostestes[#Data],9)=0,"-",VLOOKUP($B16,casostestes[#Data],9)),"-") -> Resultado 1:' Tarefa de BI criada com situação Pendente. Divergência de autodeclaração (116) incluída na tarefa Após execução workflow: Tarefa de BI com situação alterada para Exigência . Status SIBE igual a FLUXO NÃO INICIADO DTP: Campo Exige_autodeclaração = 2 Resultado 2 - Após alguns minutos: Tarefa de BI com situação alterada para Pendente Despacho incluído informando a operação ( fragmento de sigla XXXXXXXXXX ) Divergência de autodeclaração (116) EXCLUÍDA da tarefa Alguns minutos depois: Status SIBE igual a AGUARDANDO ATESTADO Na opção "Lista de Ocorrências", o json de integração com o SIBE deverá conter o campo "periodosPendentesSegEsp" com valor true. | K16: =IFERROR(IF(VLOOKUP($B16,orlando[#Data],12)=0,"Não executado",VLOOKUP($B16,orlando[#Data],12)),"Não executado") -> Pendência Externa | L16: =IFERROR(IF(VLOOKUP($B16,mauricio[#Data],12)=0,"Não executado",VLOOKUP($B16,mauricio[#Data],12)),"Não executado") -> Aprovado | M16: =IFERROR(IF(VLOOKUP($B16,Thaisa[#Data],12)=0,"Não executado",VLOOKUP($B16,Thaisa[#Data],12)),"Não executado") -> Não executado | N16: =IFERROR(IF(VLOOKUP($B16,carlos[#Data],12)=0,"Não executado",VLOOKUP($B16,carlos[#Data],12)),"Não executado") -> Pendência Externa | O16: =IFERROR(IF(VLOOKUP($B16,Alessandra[#Data],12)=0,"Não executado",VLOOKUP($B16,Alessandra[#Data],12)),"Não executado") -> Não executado | P16: =IFERROR(IF(VLOOKUP($B16,AnaCarolina[#Data],12)=0,"Não executado",VLOOKUP($B16,AnaCarolina[#Data],12)),"Não executado") -> Aprovado | Q16: =IFERROR(IF(VLOOKUP($B16,wanei[#Data],12)=0,"Não executado",VLOOKUP($B16,wanei[#Data],12)),"Não executado") -> Aprovado | R16: =IFERROR(IF(VLOOKUP($B16,janaina[#Data],12)=0,"Não executado",VLOOKUP($B16,janaina[#Data],12)),"Não executado") -> Aprovado | S16: =IFERROR(IF(VLOOKUP($B16,andreia[#Data],12)=0,"Não executado",VLOOKUP($B16,andreia[#Data],12)),"Não executado") -> Aprovado | T16: =IFERROR(IF(VLOOKUP(#REF!,homologador[#Data],12)=0,"Não executado",VLOOKUP(#REF!,homologador[#Data],12)),"Não executado") -> Não executado | U16: =COUNTIF(ACOMPANHAMENTO!K16:T16,"Aprovado")+COUNTIF(K16:T16,"Reprovado")+COUNTIF(K16:T16,"Em Teste") -> 5 | V16: =COUNTIF(K16:T16,"Em Teste") -> 0 | W16: =IF(U16>3,IF(V16>1,"SIM","NÃO"),"NÃO") -> NÃO
B17: =IF(ISERR(casostestes[[#This Row],[ID]]),"-",casostestes[[#This Row],[ID]]) -> 10 | C17: =IFERROR(IF(VLOOKUP($B17,casostestes[#Data],10)=0,"Não",VLOOKUP($B17,casostestes[#Data],10)), "-") -> Sim | D17: =IFERROR(IF(VLOOKUP($B17,casostestes[#Data],2)=0,"-",VLOOKUP($B17,casostestes[#Data],2)), "-") -> Integração | E17: =IFERROR(IF(VLOOKUP($B17,casostestes[#Data],3)=0,"-",VLOOKUP($B17,casostestes[#Data],3)), "-") -> 22 Criar tarefa de BI inicial fluxo PRESENCIAL para categoria "Segurado especial" onde o parâmetro "Exige Autodeclaração" no Catálogo está ATIVADO, NÃO foi respondida a autodeclaração e NÃO foi incluído o anexo detalhado de AD **Parâmetro PAT ligado: 144 - Fluxo ATESTMEDQ **Parâmetro PAT ligado: 109 -Tipo de Incapacidade Permanente leva à Fluxo Presencial do Novo BI | F17: EC | G17: =IFERROR(IF(VLOOKUP($B17,casostestes[#Data],5)=0,"-",VLOOKUP($B17,casostestes[#Data],5)),"-") -> SERVIDOR | H17: =IFERROR(IF(VLOOKUP($B17,casostestes[#Data],6)=0,"-",VLOOKUP($B17,casostestes[#Data],6)),"-") -> 1. Logar no Portal do Atendimento INSS com o perfil do caso de teste 2.Criar tarefa de BI informando: Tipo de Incapacidade? "Permanente" A pessoa está presa? Não Houve acidente de trabalho? Não Categoria do trabalhador "Segurado Especial" A pessoa ficou sem trabalhar? Sim 3. NÃO informar anexo detalhado de autodeclaração 5. Realizar agendamento 6. NÃO responder o formulário de autodeclaração Resultado 1 7.Alterar via banco de dados a data da exigência para (data atual - 36 dias) Resulado 2 | I17: =IFERROR(IF(VLOOKUP($B17,casostestes[#Data],8)=0,"-",VLOOKUP($B17,casostestes[#Data],8)),"-") -> - | J17: =IFERROR(IF(VLOOKUP($B17,casostestes[#Data],9)=0,"-",VLOOKUP($B17,casostestes[#Data],9)),"-") -> Resultado 1:' Tarefa de BI criada com situação Pendente. Divergência de autodeclaração (116) incluída na tarefa Após execução workflow: Tarefa de BI com situação alterada para Exigência . Status SIBE igual a FLUXO NÃO INICIADO DTP: Campo Exige_autodeclaração = 1 Resultado 2 - Após alguns minutos: Tarefa de BI com situação alterada para Pendente Despacho incluído informando a operação ( fragmento de sigla XXXXXXXXXX ) Divergência de autodeclaração (116) EXCLUÍDA da tarefa Alguns minutos depois: Status SIBE igual a AGUARDANDO PERÍCIA Na opção "Lista de Ocorrências", o json de integração com o SIBE deverá conter o campo "periodosPendentesSegEsp" com valor null. | K17: =IFERROR(IF(VLOOKUP($B17,orlando[#Data],12)=0,"Não executado",VLOOKUP($B17,orlando[#Data],12)),"Não executado") -> Pendência Externa | L17: =IFERROR(IF(VLOOKUP($B17,mauricio[#Data],12)=0,"Não executado",VLOOKUP($B17,mauricio[#Data],12)),"Não executado") -> Em Teste | M17: =IFERROR(IF(VLOOKUP($B17,Thaisa[#Data],12)=0,"Não executado",VLOOKUP($B17,Thaisa[#Data],12)),"Não executado") -> Não executado | N17: =IFERROR(IF(VLOOKUP($B17,carlos[#Data],12)=0,"Não executado",VLOOKUP($B17,carlos[#Data],12)),"Não executado") -> Pendência Externa | O17: =IFERROR(IF(VLOOKUP($B17,Alessandra[#Data],12)=0,"Não executado",VLOOKUP($B17,Alessandra[#Data],12)),"Não executado") -> Não executado | P17: =IFERROR(IF(VLOOKUP($B17,AnaCarolina[#Data],12)=0,"Não executado",VLOOKUP($B17,AnaCarolina[#Data],12)),"Não executado") -> Em Teste | Q17: =IFERROR(IF(VLOOKUP($B17,wanei[#Data],12)=0,"Não executado",VLOOKUP($B17,wanei[#Data],12)),"Não executado") -> Pendência Externa | R17: =IFERROR(IF(VLOOKUP($B17,janaina[#Data],12)=0,"Não executado",VLOOKUP($B17,janaina[#Data],12)),"Não executado") -> Aprovado | S17: =IFERROR(IF(VLOOKUP($B17,andreia[#Data],12)=0,"Não executado",VLOOKUP($B17,andreia[#Data],12)),"Não executado") -> Disponível para reteste | T17: =IFERROR(IF(VLOOKUP(#REF!,homologador[#Data],12)=0,"Não executado",VLOOKUP(#REF!,homologador[#Data],12)),"Não executado") -> Não executado | U17: =COUNTIF(ACOMPANHAMENTO!K17:T17,"Aprovado")+COUNTIF(K17:T17,"Reprovado")+COUNTIF(K17:T17,"Em Teste") -> 3 | V17: =COUNTIF(K17:T17,"Em Teste") -> 2 | W17: =IF(U17>3,IF(V17>1,"SIM","NÃO"),"NÃO") -> NÃO
B18: =IF(ISERR(casostestes[[#This Row],[ID]]),"-",casostestes[[#This Row],[ID]]) -> 11 | C18: =IFERROR(IF(VLOOKUP($B18,casostestes[#Data],10)=0,"Não",VLOOKUP($B18,casostestes[#Data],10)), "-") -> Sim | D18: =IFERROR(IF(VLOOKUP($B18,casostestes[#Data],2)=0,"-",VLOOKUP($B18,casostestes[#Data],2)), "-") -> Requerimento Inicial de BI | E18: =IFERROR(IF(VLOOKUP($B18,casostestes[#Data],3)=0,"-",VLOOKUP($B18,casostestes[#Data],3)), "-") -> 24 Criar tarefa de BI inicial fluxo ATESTMEDQ para categoria diferente de "Segurado especial" onde o parâmetro "Exige Autodeclaração" no Catálogo está ATIVADO **Parâmetro PAT ligado: 144 - Fluxo ATESTMEDQ | F18: =IFERROR(IF(VLOOKUP($B18,casostestes[#Data],4)=0,"-",VLOOKUP($B18,casostestes[#Data],4)),"-") -> EC | G18: =IFERROR(IF(VLOOKUP($B18,casostestes[#Data],5)=0,"-",VLOOKUP($B18,casostestes[#Data],5)),"-") -> ENTIDADE_CONVENIADA | H18: =IFERROR(IF(VLOOKUP($B18,casostestes[#Data],6)=0,"-",VLOOKUP($B18,casostestes[#Data],6)),"-") -> 1. Logar no Portal do Atendimento INSS com o perfil do caso de teste 2.Criar tarefa de BI informando: Tipo de Incapacidade? "Temporária " A pessoa está presa? Não Categoria do trabalhador diferente de "Segurado Especial" | I18: =IFERROR(IF(VLOOKUP($B18,casostestes[#Data],8)=0,"-",VLOOKUP($B18,casostestes[#Data],8)),"-") -> - | J18: =IFERROR(IF(VLOOKUP($B18,casostestes[#Data],9)=0,"-",VLOOKUP($B18,casostestes[#Data],9)),"-") -> Tarefa de BI criada com situação Pendente. Tarefa SEM Divergência de autodeclaração (116) Status SIBE igual a FLUXO NÃO INICIADO DPT: Tarefa.Exige_autodeclaração = 0 | K18: =IFERROR(IF(VLOOKUP($B18,orlando[#Data],12)=0,"Não executado",VLOOKUP($B18,orlando[#Data],12)),"Não executado") -> Aprovado | L18: =IFERROR(IF(VLOOKUP($B18,mauricio[#Data],12)=0,"Não executado",VLOOKUP($B18,mauricio[#Data],12)),"Não executado") -> Aprovado | M18: =IFERROR(IF(VLOOKUP($B18,Thaisa[#Data],12)=0,"Não executado",VLOOKUP($B18,Thaisa[#Data],12)),"Não executado") -> Não executado | N18: =IFERROR(IF(VLOOKUP($B18,carlos[#Data],12)=0,"Não executado",VLOOKUP($B18,carlos[#Data],12)),"Não executado") -> Aprovado | O18: =IFERROR(IF(VLOOKUP($B18,Alessandra[#Data],12)=0,"Não executado",VLOOKUP($B18,Alessandra[#Data],12)),"Não executado") -> Não executado | P18: =IFERROR(IF(VLOOKUP($B18,AnaCarolina[#Data],12)=0,"Não executado",VLOOKUP($B18,AnaCarolina[#Data],12)),"Não executado") -> Aprovado | Q18: =IFERROR(IF(VLOOKUP($B18,wanei[#Data],12)=0,"Não executado",VLOOKUP($B18,wanei[#Data],12)),"Não executado") -> Aprovado | R18: =IFERROR(IF(VLOOKUP($B18,janaina[#Data],12)=0,"Não executado",VLOOKUP($B18,janaina[#Data],12)),"Não executado") -> Em Teste | S18: =IFERROR(IF(VLOOKUP($B18,andreia[#Data],12)=0,"Não executado",VLOOKUP($B18,andreia[#Data],12)),"Não executado") -> Aprovado | T18: =IFERROR(IF(VLOOKUP(#REF!,homologador[#Data],12)=0,"Não executado",VLOOKUP(#REF!,homologador[#Data],12)),"Não executado") -> Não executado | U18: =COUNTIF(ACOMPANHAMENTO!K18:T18,"Aprovado")+COUNTIF(K18:T18,"Reprovado")+COUNTIF(K18:T18,"Em Teste") -> 7 | V18: =COUNTIF(K18:T18,"Em Teste") -> 1 | W18: =IF(U18>3,IF(V18>1,"SIM","NÃO"),"NÃO") -> NÃO
B19: =IF(ISERR(casostestes[[#This Row],[ID]]),"-",casostestes[[#This Row],[ID]]) -> 12 | C19: =IFERROR(IF(VLOOKUP($B19,casostestes[#Data],10)=0,"Não",VLOOKUP($B19,casostestes[#Data],10)), "-") -> Sim | D19: =IFERROR(IF(VLOOKUP($B19,casostestes[#Data],2)=0,"-",VLOOKUP($B19,casostestes[#Data],2)), "-") -> Integração | E19: =IFERROR(IF(VLOOKUP($B19,casostestes[#Data],3)=0,"-",VLOOKUP($B19,casostestes[#Data],3)), "-") -> 26 Criar tarefa de BI inicial fluxo ATESTMEDQ para categoria "Segurado especial" onde o parâmetro "Exige Autodeclaração" no Catálogo está ATIVADO e a autodeclaração tem período pendente **Parâmetro PAT ligado: 144 - Fluxo ATESTMEDQ | F19: =IFERROR(IF(VLOOKUP($B19,casostestes[#Data],4)=0,"-",VLOOKUP($B19,casostestes[#Data],4)),"-") -> EC | G19: =IFERROR(IF(VLOOKUP($B19,casostestes[#Data],5)=0,"-",VLOOKUP($B19,casostestes[#Data],5)),"-") -> ENTIDADE_CONVENIADA | H19: =IFERROR(IF(VLOOKUP($B19,casostestes[#Data],6)=0,"-",VLOOKUP($B19,casostestes[#Data],6)),"-") -> 1. Logar no Portal do Atendimento INSS com o perfil do caso de teste 2.Criar tarefa de BI informando: Tipo de Incapacidade? "Temporária " A pessoa está presa? Não Categoria do trabalhador "Segurado Especial" A pessoa ficou sem trabalhar? Sim 3. Cumprir exigência de documentos obrigatórios 4. Responder formulário da autodeclaração | I19: =IFERROR(IF(VLOOKUP($B19,casostestes[#Data],8)=0,"-",VLOOKUP($B19,casostestes[#Data],8)),"-") -> - | J19: =IFERROR(IF(VLOOKUP($B19,casostestes[#Data],9)=0,"-",VLOOKUP($B19,casostestes[#Data],9)),"-") -> Tarefa de BI criada com situação Pendente. Tarefa SEM Divergência de autodeclaração (116) Status SIBE igual a FLUXO NÃO INICIADO Aguardar até a geração automática do PDF da autodeclaração: DTP: Campo Exige_autodeclaração = 1 Campo DT_RETORNO_SES_CNIS deverá estar preenchido (Descritivo preenchido pelo CNIS) Tabela SES_CNIS_ANALISES (Indica a existência ou não de períodos pendentes) Status SIBE igual a AGUARDANDO ATESTADO Na opção "Lista de Ocorrências", o json de integração com o SIBE deverá conter o campo "periodosPendentesSegEsp" com valor true. | K19: =IFERROR(IF(VLOOKUP($B19,orlando[#Data],12)=0,"Não executado",VLOOKUP($B19,orlando[#Data],12)),"Não executado") -> Aprovado | L19: =IFERROR(IF(VLOOKUP($B19,mauricio[#Data],12)=0,"Não executado",VLOOKUP($B19,mauricio[#Data],12)),"Não executado") -> Aprovado | M19: =IFERROR(IF(VLOOKUP($B19,Thaisa[#Data],12)=0,"Não executado",VLOOKUP($B19,Thaisa[#Data],12)),"Não executado") -> Não executado | N19: =IFERROR(IF(VLOOKUP($B19,carlos[#Data],12)=0,"Não executado",VLOOKUP($B19,carlos[#Data],12)),"Não executado") -> Em Teste | O19: =IFERROR(IF(VLOOKUP($B19,Alessandra[#Data],12)=0,"Não executado",VLOOKUP($B19,Alessandra[#Data],12)),"Não executado") -> Não executado | P19: =IFERROR(IF(VLOOKUP($B19,AnaCarolina[#Data],12)=0,"Não executado",VLOOKUP($B19,AnaCarolina[#Data],12)),"Não executado") -> Aprovado | Q19: =IFERROR(IF(VLOOKUP($B19,wanei[#Data],12)=0,"Não executado",VLOOKUP($B19,wanei[#Data],12)),"Não executado") -> Aprovado | R19: =IFERROR(IF(VLOOKUP($B19,janaina[#Data],12)=0,"Não executado",VLOOKUP($B19,janaina[#Data],12)),"Não executado") -> Em Teste | S19: =IFERROR(IF(VLOOKUP($B19,andreia[#Data],12)=0,"Não executado",VLOOKUP($B19,andreia[#Data],12)),"Não executado") -> Aprovado | T19: =IFERROR(IF(VLOOKUP(#REF!,homologador[#Data],12)=0,"Não executado",VLOOKUP(#REF!,homologador[#Data],12)),"Não executado") -> Não executado | U19: =COUNTIF(ACOMPANHAMENTO!K19:T19,"Aprovado")+COUNTIF(K19:T19,"Reprovado")+COUNTIF(K19:T19,"Em Teste") -> 7 | V19: =COUNTIF(K19:T19,"Em Teste") -> 2 | W19: =IF(U19>3,IF(V19>1,"SIM","NÃO"),"NÃO") -> SIM
B20: =IF(ISERR(casostestes[[#This Row],[ID]]),"-",casostestes[[#This Row],[ID]]) -> 13 | C20: =IFERROR(IF(VLOOKUP($B20,casostestes[#Data],10)=0,"Não",VLOOKUP($B20,casostestes[#Data],10)), "-") -> Sim | D20: =IFERROR(IF(VLOOKUP($B20,casostestes[#Data],2)=0,"-",VLOOKUP($B20,casostestes[#Data],2)), "-") -> Integração | E20: =IFERROR(IF(VLOOKUP($B20,casostestes[#Data],3)=0,"-",VLOOKUP($B20,casostestes[#Data],3)), "-") -> 27 Criar tarefa de BI inicial fluxo ATESTMEDQ para categoria "Segurado especial" onde o parâmetro "Exige Autodeclaração" no Catálogo está ATIVADO e foi respondida a autodeclaração sem período pendente **Parâmetro PAT ligado: 144 - Fluxo ATESTMEDQ | F20: EC | G20: =IFERROR(IF(VLOOKUP($B20,casostestes[#Data],5)=0,"-",VLOOKUP($B20,casostestes[#Data],5)),"-") -> ENTIDADE_CONVENIADA | H20: =IFERROR(IF(VLOOKUP($B20,casostestes[#Data],6)=0,"-",VLOOKUP($B20,casostestes[#Data],6)),"-") -> 1. Logar no Portal do Atendimento INSS com o perfil do caso de teste 2.Criar tarefa de BI informando: Tipo de Incapacidade? "Temporária " A pessoa está presa? Não Categoria do trabalhador "Segurado Especial" A pessoa ficou sem trabalhar? Sim 3. Cumprir exigência de documentos obrigatórios 4. Responder formulário da autodeclaração | I20: =IFERROR(IF(VLOOKUP($B20,casostestes[#Data],8)=0,"-",VLOOKUP($B20,casostestes[#Data],8)),"-") -> - | J20: =IFERROR(IF(VLOOKUP($B20,casostestes[#Data],9)=0,"-",VLOOKUP($B20,casostestes[#Data],9)),"-") -> Tarefa de BI criada com situação Pendente. Tarefa SEM Divergência de autodeclaração (116). Status SIBE igual a FLUXO NÃO INICIADO Aguardar até a geração automática do PDF da autodeclaração: DTP: Campo Exige_autodeclaração = 1 Campo DT_RETORNO_SES_CNIS deverá estar preenchido (Descritivo preenchido pelo CNIS) Tabela SES_CNIS_ANALISES (Indica a existência ou não de períodos pendentes) Status SIBE igual a AGUARDANDO ATESTADO Na opção "Lista de Ocorrências", o json de integração com o SIBE deverá conter o campo "periodosPendentesSegEsp" com valor false. | K20: =IFERROR(IF(VLOOKUP($B20,orlando[#Data],12)=0,"Não executado",VLOOKUP($B20,orlando[#Data],12)),"Não executado") -> Aprovado | L20: =IFERROR(IF(VLOOKUP($B20,mauricio[#Data],12)=0,"Não executado",VLOOKUP($B20,mauricio[#Data],12)),"Não executado") -> Aprovado | M20: =IFERROR(IF(VLOOKUP($B20,Thaisa[#Data],12)=0,"Não executado",VLOOKUP($B20,Thaisa[#Data],12)),"Não executado") -> Não executado | N20: =IFERROR(IF(VLOOKUP($B20,carlos[#Data],12)=0,"Não executado",VLOOKUP($B20,carlos[#Data],12)),"Não executado") -> Não executado | O20: =IFERROR(IF(VLOOKUP($B20,Alessandra[#Data],12)=0,"Não executado",VLOOKUP($B20,Alessandra[#Data],12)),"Não executado") -> Não executado | P20: =IFERROR(IF(VLOOKUP($B20,AnaCarolina[#Data],12)=0,"Não executado",VLOOKUP($B20,AnaCarolina[#Data],12)),"Não executado") -> Aprovado | Q20: =IFERROR(IF(VLOOKUP($B20,wanei[#Data],12)=0,"Não executado",VLOOKUP($B20,wanei[#Data],12)),"Não executado") -> Aprovado | R20: =IFERROR(IF(VLOOKUP($B20,janaina[#Data],12)=0,"Não executado",VLOOKUP($B20,janaina[#Data],12)),"Não executado") -> Em Teste | S20: =IFERROR(IF(VLOOKUP($B20,andreia[#Data],12)=0,"Não executado",VLOOKUP($B20,andreia[#Data],12)),"Não executado") -> Aprovado | T20: =IFERROR(IF(VLOOKUP(#REF!,homologador[#Data],12)=0,"Não executado",VLOOKUP(#REF!,homologador[#Data],12)),"Não executado") -> Não executado | U20: =COUNTIF(ACOMPANHAMENTO!K20:T20,"Aprovado")+COUNTIF(K20:T20,"Reprovado")+COUNTIF(K20:T20,"Em Teste") -> 6 | V20: =COUNTIF(K20:T20,"Em Teste") -> 1 | W20: =IF(U20>3,IF(V20>1,"SIM","NÃO"),"NÃO") -> NÃO
B21: =IF(ISERR(casostestes[[#This Row],[ID]]),"-",casostestes[[#This Row],[ID]]) -> 14 | C21: =IFERROR(IF(VLOOKUP($B21,casostestes[#Data],10)=0,"Não",VLOOKUP($B21,casostestes[#Data],10)), "-") -> Sim | D21: =IFERROR(IF(VLOOKUP($B21,casostestes[#Data],2)=0,"-",VLOOKUP($B21,casostestes[#Data],2)), "-") -> Integração | E21: =IFERROR(IF(VLOOKUP($B21,casostestes[#Data],3)=0,"-",VLOOKUP($B21,casostestes[#Data],3)), "-") -> 29 Cumprir a exigência de autodeclaração | F21: EC | G21: =IFERROR(IF(VLOOKUP($B21,casostestes[#Data],5)=0,"-",VLOOKUP($B21,casostestes[#Data],5)),"-") -> ENTIDADE_CONVENIADA | H21: =IFERROR(IF(VLOOKUP($B21,casostestes[#Data],6)=0,"-",VLOOKUP($B21,casostestes[#Data],6)),"-") -> 1. Logar no Portal do Atendimento INSS com o perfil do caso de teste 2.Consultar uma tarefa em exigência de autodeclaração, detalhar e em seguida e acionar a aba Cumprir Exigência 3. Responder o formulário de autodeclaração até o final | I21: =IFERROR(IF(VLOOKUP($B21,casostestes[#Data],8)=0,"-",VLOOKUP($B21,casostestes[#Data],8)),"-") -> - | J21: =IFERROR(IF(VLOOKUP($B21,casostestes[#Data],9)=0,"-",VLOOKUP($B21,casostestes[#Data],9)),"-") -> Tarefa de BI com situação Pendente Divergência de autodeclaração (116) EXCLUÍDA da tarefa Aguardar até a geração automática do PDF da autodeclaração: Campo DT_RETORNO_SES_CNIS deverá estar preenchido (Descritivo preenchido pelo CNIS) Campo xxxxxxx deverá estar preenchido (Indica a existência ou não de períodos pendentes) Status SIBE igual a AGUARDANDO ATESTADO ou AGUARDANDO PERÍCIA (conforme a tarefa seja do fluxo ATESTMEDQ ou PRESENCIAL) Na opção "Lista de Ocorrências", o json de integração com o SIBE deverá conter o campo "periodosPendentesSegEsp" com valor true ou false, conforme tenha ou não períodos pendentes. | K21: =IFERROR(IF(VLOOKUP($B21,orlando[#Data],12)=0,"Não executado",VLOOKUP($B21,orlando[#Data],12)),"Não executado") -> Aprovado | L21: =IFERROR(IF(VLOOKUP($B21,mauricio[#Data],12)=0,"Não executado",VLOOKUP($B21,mauricio[#Data],12)),"Não executado") -> Aprovado | M21: =IFERROR(IF(VLOOKUP($B21,Thaisa[#Data],12)=0,"Não executado",VLOOKUP($B21,Thaisa[#Data],12)),"Não executado") -> Não executado | N21: =IFERROR(IF(VLOOKUP($B21,carlos[#Data],12)=0,"Não executado",VLOOKUP($B21,carlos[#Data],12)),"Não executado") -> Não executado | O21: =IFERROR(IF(VLOOKUP($B21,Alessandra[#Data],12)=0,"Não executado",VLOOKUP($B21,Alessandra[#Data],12)),"Não executado") -> Não executado | P21: =IFERROR(IF(VLOOKUP($B21,AnaCarolina[#Data],12)=0,"Não executado",VLOOKUP($B21,AnaCarolina[#Data],12)),"Não executado") -> Aprovado | Q21: =IFERROR(IF(VLOOKUP($B21,wanei[#Data],12)=0,"Não executado",VLOOKUP($B21,wanei[#Data],12)),"Não executado") -> Aprovado | R21: =IFERROR(IF(VLOOKUP($B21,janaina[#Data],12)=0,"Não executado",VLOOKUP($B21,janaina[#Data],12)),"Não executado") -> Não executado | S21: =IFERROR(IF(VLOOKUP($B21,andreia[#Data],12)=0,"Não executado",VLOOKUP($B21,andreia[#Data],12)),"Não executado") -> Aprovado | T21: =IFERROR(IF(VLOOKUP(#REF!,homologador[#Data],12)=0,"Não executado",VLOOKUP(#REF!,homologador[#Data],12)),"Não executado") -> Não executado | U21: =COUNTIF(ACOMPANHAMENTO!K21:T21,"Aprovado")+COUNTIF(K21:T21,"Reprovado")+COUNTIF(K21:T21,"Em Teste") -> 5 | V21: =COUNTIF(K21:T21,"Em Teste") -> 0 | W21: =IF(U21>3,IF(V21>1,"SIM","NÃO"),"NÃO") -> NÃO
B22: =IF(ISERR(casostestes[[#This Row],[ID]]),"-",casostestes[[#This Row],[ID]]) -> 15 | C22: =IFERROR(IF(VLOOKUP($B22,casostestes[#Data],10)=0,"Não",VLOOKUP($B22,casostestes[#Data],10)), "-") -> Sim | D22: =IFERROR(IF(VLOOKUP($B22,casostestes[#Data],2)=0,"-",VLOOKUP($B22,casostestes[#Data],2)), "-") -> Integração | E22: =IFERROR(IF(VLOOKUP($B22,casostestes[#Data],3)=0,"-",VLOOKUP($B22,casostestes[#Data],3)), "-") -> 30 Cumprir a exigência de autodeclaração | F22: EC | G22: =IFERROR(IF(VLOOKUP($B22,casostestes[#Data],5)=0,"-",VLOOKUP($B22,casostestes[#Data],5)),"-") -> ENTIDADE_CONVENIADA_CORREIOS | H22: =IFERROR(IF(VLOOKUP($B22,casostestes[#Data],6)=0,"-",VLOOKUP($B22,casostestes[#Data],6)),"-") -> 1. Logar no Portal do Atendimento INSS com o perfil EC - CORREIOS 2. Acionar a aba Exigências e consultar uma tarefa em exigência de autodeclaração 3. Detalhar a tarefa e em seguida acionar a opção Cumprir Exigência 3. Responder o formulário de autodeclaração até o final | I22: =IFERROR(IF(VLOOKUP($B22,casostestes[#Data],8)=0,"-",VLOOKUP($B22,casostestes[#Data],8)),"-") -> - | J22: =IFERROR(IF(VLOOKUP($B22,casostestes[#Data],9)=0,"-",VLOOKUP($B22,casostestes[#Data],9)),"-") -> Tarefa de BI com situação Pendente Divergência de autodeclaração (116) EXCLUÍDA da tarefa Aguardar até a geração automática do PDF da autodeclaração: Campo DT_RETORNO_SES_CNIS deverá estar preenchido (Descritivo preenchido pelo CNIS) Campo xxxxxxx deverá estar preenchido (Indica a existência ou não de períodos pendentes) Status SIBE igual a AGUARDANDO ATESTADO ou AGUARDANDO PERÍCIA (conforme a tarefa seja do fluxo ATESTMEDQ ou PRESENCIAL) Na opção "Lista de Ocorrências", o json de integração com o SIBE deverá conter o campo "periodosPendentesSegEsp" com valor true ou false, conforme tenha ou não períodos pendentes. | K22: =IFERROR(IF(VLOOKUP($B22,orlando[#Data],12)=0,"Não executado",VLOOKUP($B22,orlando[#Data],12)),"Não executado") -> Não executado | L22: =IFERROR(IF(VLOOKUP($B22,mauricio[#Data],12)=0,"Não executado",VLOOKUP($B22,mauricio[#Data],12)),"Não executado") -> Aprovado | M22: =IFERROR(IF(VLOOKUP($B22,Thaisa[#Data],12)=0,"Não executado",VLOOKUP($B22,Thaisa[#Data],12)),"Não executado") -> Não executado | N22: =IFERROR(IF(VLOOKUP($B22,carlos[#Data],12)=0,"Não executado",VLOOKUP($B22,carlos[#Data],12)),"Não executado") -> Não executado | O22: =IFERROR(IF(VLOOKUP($B22,Alessandra[#Data],12)=0,"Não executado",VLOOKUP($B22,Alessandra[#Data],12)),"Não executado") -> Não executado | P22: =IFERROR(IF(VLOOKUP($B22,AnaCarolina[#Data],12)=0,"Não executado",VLOOKUP($B22,AnaCarolina[#Data],12)),"Não executado") -> Aprovado | Q22: =IFERROR(IF(VLOOKUP($B22,wanei[#Data],12)=0,"Não executado",VLOOKUP($B22,wanei[#Data],12)),"Não executado") -> Aprovado | R22: =IFERROR(IF(VLOOKUP($B22,janaina[#Data],12)=0,"Não executado",VLOOKUP($B22,janaina[#Data],12)),"Não executado") -> Não executado | S22: =IFERROR(IF(VLOOKUP($B22,andreia[#Data],12)=0,"Não executado",VLOOKUP($B22,andreia[#Data],12)),"Não executado") -> Não Executado | T22: =IFERROR(IF(VLOOKUP($B8,homologador[#Data],12)=0,"Não executado",VLOOKUP($B8,homologador[#Data],12)),"Não executado") -> Não executado | U22: =COUNTIF(ACOMPANHAMENTO!K22:T22,"Aprovado")+COUNTIF(K22:T22,"Reprovado")+COUNTIF(K22:T22,"Em Teste") -> 3 | V22: =COUNTIF(K22:T22,"Em Teste") -> 0 | W22: =IF(U22>3,IF(V22>1,"SIM","NÃO"),"NÃO") -> NÃO
B23: =IF(ISERR(casostestes[[#This Row],[ID]]),"-",casostestes[[#This Row],[ID]]) -> 16 | C23: =IFERROR(IF(VLOOKUP($B23,casostestes[#Data],10)=0,"Não",VLOOKUP($B23,casostestes[#Data],10)), "-") -> Sim | D23: =IFERROR(IF(VLOOKUP($B23,casostestes[#Data],2)=0,"-",VLOOKUP($B23,casostestes[#Data],2)), "-") -> Integração | E23: =IFERROR(IF(VLOOKUP($B23,casostestes[#Data],3)=0,"-",VLOOKUP($B23,casostestes[#Data],3)), "-") -> 31 Responder o formulário de autodeclaração acessando diretamente a aba segurado especial ao detalhar a tarefa, onde a tarefa encontra-se em exigência de documento médico Será posível acessar diretamente a autodeclaração logado como EC? | F23: =IFERROR(IF(VLOOKUP($B23,casostestes[#Data],4)=0,"-",VLOOKUP($B23,casostestes[#Data],4)),"-") -> PAT | G23: =IFERROR(IF(VLOOKUP($B23,casostestes[#Data],5)=0,"-",VLOOKUP($B23,casostestes[#Data],5)),"-") -> ENTIDADE_CONVENIADA | H23: =IFERROR(IF(VLOOKUP($B23,casostestes[#Data],6)=0,"-",VLOOKUP($B23,casostestes[#Data],6)),"-") -> 1. Logar no Portal do Atendimento INSS com o perfil do caso se teste 2.Consultar uma tarefa em exigência de dautodeclaração 3. Acionar a aba Segurado especial 3. Responder o formulário de autodeclaração até o final | I23: =IFERROR(IF(VLOOKUP($B23,casostestes[#Data],8)=0,"-",VLOOKUP($B23,casostestes[#Data],8)),"-") -> - | J23: =IFERROR(IF(VLOOKUP($B23,casostestes[#Data],9)=0,"-",VLOOKUP($B23,casostestes[#Data],9)),"-") -> Tarefa de BI com situação alterada para Pendente Divergência de autodeclaração (116) EXCLUÍDA da tarefa Aguardar até a geração automática do PDF da autodeclaração: Status SIBE igual a AGUARDANDO ATESTADO ou AGUARDANDO PERÍCIA (conforme a tarefa seja do fluxo ATESTMEDQ ou PRESENCIAL) Na opção "Lista de Ocorrências", o json de integração com o SIBE deverá conter o campo "periodosPendentesSegEsp" com valor true ou false, conforme tenha ou não períodos pendentes. | K23: =IFERROR(IF(VLOOKUP($B23,orlando[#Data],12)=0,"Não executado",VLOOKUP($B23,orlando[#Data],12)),"Não executado") -> Não executado | L23: =IFERROR(IF(VLOOKUP($B23,mauricio[#Data],12)=0,"Não executado",VLOOKUP($B23,mauricio[#Data],12)),"Não executado") -> Aprovado | M23: =IFERROR(IF(VLOOKUP($B23,Thaisa[#Data],12)=0,"Não executado",VLOOKUP($B23,Thaisa[#Data],12)),"Não executado") -> Não executado | N23: =IFERROR(IF(VLOOKUP($B23,carlos[#Data],12)=0,"Não executado",VLOOKUP($B23,carlos[#Data],12)),"Não executado") -> Não executado | O23: =IFERROR(IF(VLOOKUP($B23,Alessandra[#Data],12)=0,"Não executado",VLOOKUP($B23,Alessandra[#Data],12)),"Não executado") -> Não executado | P23: =IFERROR(IF(VLOOKUP($B23,AnaCarolina[#Data],12)=0,"Não executado",VLOOKUP($B23,AnaCarolina[#Data],12)),"Não executado") -> Em Teste | Q23: =IFERROR(IF(VLOOKUP($B23,wanei[#Data],12)=0,"Não executado",VLOOKUP($B23,wanei[#Data],12)),"Não executado") -> Aprovado | R23: =IFERROR(IF(VLOOKUP($B23,janaina[#Data],12)=0,"Não executado",VLOOKUP($B23,janaina[#Data],12)),"Não executado") -> Não executado | S23: =IFERROR(IF(VLOOKUP($B23,andreia[#Data],12)=0,"Não executado",VLOOKUP($B23,andreia[#Data],12)),"Não executado") -> Não executado | T23: =IFERROR(IF(VLOOKUP($B9,homologador[#Data],12)=0,"Não executado",VLOOKUP($B9,homologador[#Data],12)),"Não executado") -> Não executado | U23: =COUNTIF(ACOMPANHAMENTO!K23:T23,"Aprovado")+COUNTIF(K23:T23,"Reprovado")+COUNTIF(K23:T23,"Em Teste") -> 3 | V23: =COUNTIF(K23:T23,"Em Teste") -> 1 | W23: =IF(U23>3,IF(V23>1,"SIM","NÃO"),"NÃO") -> NÃO
B24: =IF(ISERR(casostestes[[#This Row],[ID]]),"-",casostestes[[#This Row],[ID]]) -> 17 | C24: =IFERROR(IF(VLOOKUP($B24,casostestes[#Data],10)=0,"Não",VLOOKUP($B24,casostestes[#Data],10)), "-") -> Sim | D24: =IFERROR(IF(VLOOKUP($B24,casostestes[#Data],2)=0,"-",VLOOKUP($B24,casostestes[#Data],2)), "-") -> Integração | E24: =IFERROR(IF(VLOOKUP($B24,casostestes[#Data],3)=0,"-",VLOOKUP($B24,casostestes[#Data],3)), "-") -> 32 Responder o formulário de autodeclaração acessando diretamente a aba segurado especial ao detalhar a tarefa, onde a tarefa encontra-se em exigência de documento médico | F24: =IFERROR(IF(VLOOKUP($B24,casostestes[#Data],4)=0,"-",VLOOKUP($B24,casostestes[#Data],4)),"-") -> PAT | G24: =IFERROR(IF(VLOOKUP($B24,casostestes[#Data],5)=0,"-",VLOOKUP($B24,casostestes[#Data],5)),"-") -> ENTIDADE_CONVENIADA | H24: =IFERROR(IF(VLOOKUP($B24,casostestes[#Data],6)=0,"-",VLOOKUP($B24,casostestes[#Data],6)),"-") -> 1. Logar no Portal do Atendimento INSS com o perfil do caso se teste 2.Consultar uma tarefa em exigência de documento médico 3. Acionar a aba Segurado especial 3. Responder o formulário de autodeclaração até o final | I24: =IFERROR(IF(VLOOKUP($B24,casostestes[#Data],8)=0,"-",VLOOKUP($B24,casostestes[#Data],8)),"-") -> - | J24: =IFERROR(IF(VLOOKUP($B24,casostestes[#Data],9)=0,"-",VLOOKUP($B24,casostestes[#Data],9)),"-") -> Tarefa de BI permanece em tarefa em exigência de documento médico Divergência de autodeclaração (116) EXCLUÍDA da tarefa Aguardar até a geração automática do PDF da autodeclaração: Status SIBE continua igual a FLUXO NÃO INICIADO, pois a tarefa encontra-se em exigência de documento médico | K24: =IFERROR(IF(VLOOKUP($B24,orlando[#Data],12)=0,"Não executado",VLOOKUP($B24,orlando[#Data],12)),"Não executado") -> Não executado | L24: =IFERROR(IF(VLOOKUP($B24,mauricio[#Data],12)=0,"Não executado",VLOOKUP($B24,mauricio[#Data],12)),"Não executado") -> Aprovado | M24: =IFERROR(IF(VLOOKUP($B24,Thaisa[#Data],12)=0,"Não executado",VLOOKUP($B24,Thaisa[#Data],12)),"Não executado") -> Não executado | N24: =IFERROR(IF(VLOOKUP($B24,carlos[#Data],12)=0,"Não executado",VLOOKUP($B24,carlos[#Data],12)),"Não executado") -> Não executado | O24: =IFERROR(IF(VLOOKUP($B24,Alessandra[#Data],12)=0,"Não executado",VLOOKUP($B24,Alessandra[#Data],12)),"Não executado") -> Não executado | P24: =IFERROR(IF(VLOOKUP($B24,AnaCarolina[#Data],12)=0,"Não executado",VLOOKUP($B24,AnaCarolina[#Data],12)),"Não executado") -> Aprovado | Q24: =IFERROR(IF(VLOOKUP($B24,wanei[#Data],12)=0,"Não executado",VLOOKUP($B24,wanei[#Data],12)),"Não executado") -> Aprovado | R24: =IFERROR(IF(VLOOKUP($B24,janaina[#Data],12)=0,"Não executado",VLOOKUP($B24,janaina[#Data],12)),"Não executado") -> Não executado | S24: =IFERROR(IF(VLOOKUP($B24,andreia[#Data],12)=0,"Não executado",VLOOKUP($B24,andreia[#Data],12)),"Não executado") -> Disponível para reteste | T24: =IFERROR(IF(VLOOKUP($B10,homologador[#Data],12)=0,"Não executado",VLOOKUP($B10,homologador[#Data],12)),"Não executado") -> Não executado | U24: =COUNTIF(ACOMPANHAMENTO!K24:T24,"Aprovado")+COUNTIF(K24:T24,"Reprovado")+COUNTIF(K24:T24,"Em Teste") -> 3 | V24: =COUNTIF(K24:T24,"Em Teste") -> 0 | W24: =IF(U24>3,IF(V24>1,"SIM","NÃO"),"NÃO") -> NÃO
B25: =IF(ISERR(casostestes[[#This Row],[ID]]),"-",casostestes[[#This Row],[ID]]) -> 18 | C25: =IFERROR(IF(VLOOKUP($B25,casostestes[#Data],10)=0,"Não",VLOOKUP($B25,casostestes[#Data],10)), "-") -> Sim | D25: =IFERROR(IF(VLOOKUP($B25,casostestes[#Data],2)=0,"-",VLOOKUP($B25,casostestes[#Data],2)), "-") -> Requerimento Inicial de BI | E25: =IFERROR(IF(VLOOKUP($B25,casostestes[#Data],3)=0,"-",VLOOKUP($B25,casostestes[#Data],3)), "-") -> 34 Criar tarefa de BI inicial fluxo PRESENCIAL para categoria diferente de "Segurado especial" onde o parâmetro "Exige Autodeclaração" no Catálogo está ATIVADO **Parâmetro PAT ligado: 144 - Fluxo ATESTMEDQ **Parâmetro PAT ligado: 109 -Tipo de Incapacidade Permanente leva à Fluxo Presencial do Novo BI | F25: =IFERROR(IF(VLOOKUP($B25,casostestes[#Data],4)=0,"-",VLOOKUP($B25,casostestes[#Data],4)),"-") -> Meu INSS | G25: =IFERROR(IF(VLOOKUP($B25,casostestes[#Data],5)=0,"-",VLOOKUP($B25,casostestes[#Data],5)),"-") -> INTERESSADO | H25: =IFERROR(IF(VLOOKUP($B25,casostestes[#Data],6)=0,"-",VLOOKUP($B25,casostestes[#Data],6)),"-") -> 1. Logar no Meu INSS 2.Criar tarefa de BI informando: Tipo de Incapacidade? "Permanente" A pessoa está presa? Não Categoria do trabalhador diferente de "Segurado Especial" 3. Criar o agendamento da perícia | I25: =IFERROR(IF(VLOOKUP($B25,casostestes[#Data],8)=0,"-",VLOOKUP($B25,casostestes[#Data],8)),"-") -> - | J25: =IFERROR(IF(VLOOKUP($B25,casostestes[#Data],9)=0,"-",VLOOKUP($B25,casostestes[#Data],9)),"-") -> Tarefa de BI criada com situação Pendente. Tarefa SEM Divergência de autodeclaração (116) Status SIBE igual a AGUARDANDO PERÍCIA Tarefa.Exige_autodeclaração = 0 | K25: =IFERROR(IF(VLOOKUP($B25,orlando[#Data],12)=0,"Não executado",VLOOKUP($B25,orlando[#Data],12)),"Não executado") -> Não executado | L25: =IFERROR(IF(VLOOKUP($B25,mauricio[#Data],12)=0,"Não executado",VLOOKUP($B25,mauricio[#Data],12)),"Não executado") -> Reprovado | M25: =IFERROR(IF(VLOOKUP($B25,Thaisa[#Data],12)=0,"Não executado",VLOOKUP($B25,Thaisa[#Data],12)),"Não executado") -> Não executado | N25: =IFERROR(IF(VLOOKUP($B25,carlos[#Data],12)=0,"Não executado",VLOOKUP($B25,carlos[#Data],12)),"Não executado") -> Não executado | O25: =IFERROR(IF(VLOOKUP($B25,Alessandra[#Data],12)=0,"Não executado",VLOOKUP($B25,Alessandra[#Data],12)),"Não executado") -> Não executado | P25: =IFERROR(IF(VLOOKUP($B25,AnaCarolina[#Data],12)=0,"Não executado",VLOOKUP($B25,AnaCarolina[#Data],12)),"Não executado") -> Não executado | Q25: =IFERROR(IF(VLOOKUP($B25,wanei[#Data],12)=0,"Não executado",VLOOKUP($B25,wanei[#Data],12)),"Não executado") -> Aprovado | R25: =IFERROR(IF(VLOOKUP($B25,janaina[#Data],12)=0,"Não executado",VLOOKUP($B25,janaina[#Data],12)),"Não executado") -> Não executado | S25: =IFERROR(IF(VLOOKUP($B25,andreia[#Data],12)=0,"Não executado",VLOOKUP($B25,andreia[#Data],12)),"Não executado") -> Disponível para reteste | T25: =IFERROR(IF(VLOOKUP($B11,homologador[#Data],12)=0,"Não executado",VLOOKUP($B11,homologador[#Data],12)),"Não executado") -> Não executado | U25: =COUNTIF(ACOMPANHAMENTO!K25:T25,"Aprovado")+COUNTIF(K25:T25,"Reprovado")+COUNTIF(K25:T25,"Em Teste") -> 2 | V25: =COUNTIF(K25:T25,"Em Teste") -> 0 | W25: =IF(U25>3,IF(V25>1,"SIM","NÃO"),"NÃO") -> NÃO
B26: =IF(ISERR(casostestes[[#This Row],[ID]]),"-",casostestes[[#This Row],[ID]]) -> 19 | C26: =IFERROR(IF(VLOOKUP($B26,casostestes[#Data],10)=0,"Não",VLOOKUP($B26,casostestes[#Data],10)), "-") -> Sim | D26: =IFERROR(IF(VLOOKUP($B26,casostestes[#Data],2)=0,"-",VLOOKUP($B26,casostestes[#Data],2)), "-") -> Integração | E26: =IFERROR(IF(VLOOKUP($B26,casostestes[#Data],3)=0,"-",VLOOKUP($B26,casostestes[#Data],3)), "-") -> 35 Criar tarefa de BI inicial fluxo ATESTMEDQ para categoria "Segurado especial" onde o parâmetro "Exige Autodeclaração" no Catálogo está ATIVADO e foi respondida a autodeclaração com período pendente **Parâmetro PAT ligado: 144 - Fluxo ATESTMEDQ | F26: =IFERROR(IF(VLOOKUP($B26,casostestes[#Data],4)=0,"-",VLOOKUP($B26,casostestes[#Data],4)),"-") -> Meu INSS | G26: =IFERROR(IF(VLOOKUP($B26,casostestes[#Data],5)=0,"-",VLOOKUP($B26,casostestes[#Data],5)),"-") -> INTERESSADO | H26: =IFERROR(IF(VLOOKUP($B26,casostestes[#Data],6)=0,"-",VLOOKUP($B26,casostestes[#Data],6)),"-") -> 1. Logar no Meu INSS 2.Criar tarefa de BI informando: Tipo de Incapacidade? "Temporária " A pessoa está presa? Não Categoria do trabalhador "Segurado Especial" A pessoa ficou sem trabalhar? Sim 3. Responder formulário da autodeclaração | I26: =IFERROR(IF(VLOOKUP($B26,casostestes[#Data],8)=0,"-",VLOOKUP($B26,casostestes[#Data],8)),"-") -> - | J26: =IFERROR(IF(VLOOKUP($B26,casostestes[#Data],9)=0,"-",VLOOKUP($B26,casostestes[#Data],9)),"-") -> Tarefa de BI criada com situação Pendente. Status SIBE igual a FLUXO NÃO INICIADO Divergência de autodeclaração (116) incluída na tarefa Aguardar até a geração automática do PDF da autodeclaração: DTP: Campo Exige_autodeclaração = 1 Campo DT_RETORNO_SES_CNIS deverá estar preenchido (Descritivo preenchido pelo CNIS) Tabela SES_CNIS_ANALISES (Indica a existência ou não de períodos pendentes) Status SIBE igual a AGUARDANDO ATESTADO Na opção "Lista de Ocorrências", o json de integração com o SIBE deverá conter o campo "periodosPendentesSegEsp" com valor true. | K26: =IFERROR(IF(VLOOKUP($B26,orlando[#Data],12)=0,"Não executado",VLOOKUP($B26,orlando[#Data],12)),"Não executado") -> Não executado | L26: =IFERROR(IF(VLOOKUP($B26,mauricio[#Data],12)=0,"Não executado",VLOOKUP($B26,mauricio[#Data],12)),"Não executado") -> Não executado | M26: =IFERROR(IF(VLOOKUP($B26,Thaisa[#Data],12)=0,"Não executado",VLOOKUP($B26,Thaisa[#Data],12)),"Não executado") -> Não executado | N26: =IFERROR(IF(VLOOKUP($B26,carlos[#Data],12)=0,"Não executado",VLOOKUP($B26,carlos[#Data],12)),"Não executado") -> Não executado | O26: =IFERROR(IF(VLOOKUP($B26,Alessandra[#Data],12)=0,"Não executado",VLOOKUP($B26,Alessandra[#Data],12)),"Não executado") -> Não executado | P26: =IFERROR(IF(VLOOKUP($B26,AnaCarolina[#Data],12)=0,"Não executado",VLOOKUP($B26,AnaCarolina[#Data],12)),"Não executado") -> Não executado | Q26: =IFERROR(IF(VLOOKUP($B26,wanei[#Data],12)=0,"Não executado",VLOOKUP($B26,wanei[#Data],12)),"Não executado") -> Aprovado | R26: =IFERROR(IF(VLOOKUP($B26,janaina[#Data],12)=0,"Não executado",VLOOKUP($B26,janaina[#Data],12)),"Não executado") -> Não executado | S26: =IFERROR(IF(VLOOKUP($B26,andreia[#Data],12)=0,"Não executado",VLOOKUP($B26,andreia[#Data],12)),"Não executado") -> Não executado | T26: =IFERROR(IF(VLOOKUP($B12,homologador[#Data],12)=0,"Não executado",VLOOKUP($B12,homologador[#Data],12)),"Não executado") -> Não executado | U26: =COUNTIF(ACOMPANHAMENTO!K26:T26,"Aprovado")+COUNTIF(K26:T26,"Reprovado")+COUNTIF(K26:T26,"Em Teste") -> 1 | V26: =COUNTIF(K26:T26,"Em Teste") -> 0 | W26: =IF(U26>3,IF(V26>1,"SIM","NÃO"),"NÃO") -> NÃO
B27: =IF(ISERR(casostestes[[#This Row],[ID]]),"-",casostestes[[#This Row],[ID]]) -> 20 | C27: =IFERROR(IF(VLOOKUP($B27,casostestes[#Data],10)=0,"Não",VLOOKUP($B27,casostestes[#Data],10)), "-") -> Sim | D27: =IFERROR(IF(VLOOKUP($B27,casostestes[#Data],2)=0,"-",VLOOKUP($B27,casostestes[#Data],2)), "-") -> Integração | E27: =IFERROR(IF(VLOOKUP($B27,casostestes[#Data],3)=0,"-",VLOOKUP($B27,casostestes[#Data],3)), "-") -> 36 Criar tarefa de BI inicial fluxo ATESTMEDQ para categoria "Segurado especial" onde o parâmetro "Exige Autodeclaração" no Catálogo está ATIVADO e foi respondida a autodeclaração sem período pendente **Parâmetro PAT ligado: 144 - Fluxo ATESTMEDQ | F27: =IFERROR(IF(VLOOKUP($B27,casostestes[#Data],4)=0,"-",VLOOKUP($B27,casostestes[#Data],4)),"-") -> Meu INSS | G27: =IFERROR(IF(VLOOKUP($B27,casostestes[#Data],5)=0,"-",VLOOKUP($B27,casostestes[#Data],5)),"-") -> INTERESSADO | H27: =IFERROR(IF(VLOOKUP($B27,casostestes[#Data],6)=0,"-",VLOOKUP($B27,casostestes[#Data],6)),"-") -> 1. Logar no Meu INSS 2.Criar tarefa de BI informando: Tipo de Incapacidade? "Temporária " A pessoa está presa? Não Categoria do trabalhador "Segurado Especial" A pessoa ficou sem trabalhar? Sim 3. Responder a autodeclaração | I27: =IFERROR(IF(VLOOKUP($B27,casostestes[#Data],8)=0,"-",VLOOKUP($B27,casostestes[#Data],8)),"-") -> - | J27: =IFERROR(IF(VLOOKUP($B27,casostestes[#Data],9)=0,"-",VLOOKUP($B27,casostestes[#Data],9)),"-") -> Tarefa de BI criada com situação Pendente. Status SIBE igual a FLUXO NÃO INICIADO Divergência de autodeclaração (116) incluída na tarefa Aguardar até a geração automática do PDF da autodeclaração: DTP: Campo Exige_autodeclaração = 1 Campo DT_RETORNO_SES_CNIS deverá estar preenchido (Descritivo preenchido pelo CNIS) Tabela SES_CNIS_ANALISES (Indica a existência ou não de períodos pendentes) Status SIBE igual a AGUARDANDO ATESTADO Na opção "Lista de Ocorrências", o json de integração com o SIBE deverá conter o campo "periodosPendentesSegEsp" com valor false. | K27: =IFERROR(IF(VLOOKUP($B27,orlando[#Data],12)=0,"Não executado",VLOOKUP($B27,orlando[#Data],12)),"Não executado") -> Não executado | L27: =IFERROR(IF(VLOOKUP($B27,mauricio[#Data],12)=0,"Não executado",VLOOKUP($B27,mauricio[#Data],12)),"Não executado") -> Não executado | M27: =IFERROR(IF(VLOOKUP($B27,Thaisa[#Data],12)=0,"Não executado",VLOOKUP($B27,Thaisa[#Data],12)),"Não executado") -> Não executado | N27: =IFERROR(IF(VLOOKUP($B27,carlos[#Data],12)=0,"Não executado",VLOOKUP($B27,carlos[#Data],12)),"Não executado") -> Não executado | O27: =IFERROR(IF(VLOOKUP($B27,Alessandra[#Data],12)=0,"Não executado",VLOOKUP($B27,Alessandra[#Data],12)),"Não executado") -> Não executado | P27: =IFERROR(IF(VLOOKUP($B27,AnaCarolina[#Data],12)=0,"Não executado",VLOOKUP($B27,AnaCarolina[#Data],12)),"Não executado") -> Não executado | Q27: =IFERROR(IF(VLOOKUP($B27,wanei[#Data],12)=0,"Não executado",VLOOKUP($B27,wanei[#Data],12)),"Não executado") -> Aprovado | R27: =IFERROR(IF(VLOOKUP($B27,janaina[#Data],12)=0,"Não executado",VLOOKUP($B27,janaina[#Data],12)),"Não executado") -> Não executado | S27: =IFERROR(IF(VLOOKUP($B27,andreia[#Data],12)=0,"Não executado",VLOOKUP($B27,andreia[#Data],12)),"Não executado") -> Não executado | T27: =IFERROR(IF(VLOOKUP($B13,homologador[#Data],12)=0,"Não executado",VLOOKUP($B13,homologador[#Data],12)),"Não executado") -> Não executado | U27: =COUNTIF(ACOMPANHAMENTO!K27:T27,"Aprovado")+COUNTIF(K27:T27,"Reprovado")+COUNTIF(K27:T27,"Em Teste") -> 1 | V27: =COUNTIF(K27:T27,"Em Teste") -> 0 | W27: =IF(U27>3,IF(V27>1,"SIM","NÃO"),"NÃO") -> NÃO
B28: =IF(ISERR(casostestes[[#This Row],[ID]]),"-",casostestes[[#This Row],[ID]]) -> 21 | C28: =IFERROR(IF(VLOOKUP($B28,casostestes[#Data],10)=0,"Não",VLOOKUP($B28,casostestes[#Data],10)), "-") -> Sim | D28: =IFERROR(IF(VLOOKUP($B28,casostestes[#Data],2)=0,"-",VLOOKUP($B28,casostestes[#Data],2)), "-") -> Requerimento Inicial de BI | E28: =IFERROR(IF(VLOOKUP($B28,casostestes[#Data],3)=0,"-",VLOOKUP($B28,casostestes[#Data],3)), "-") -> 37 Criar tarefa de BI inicial fluxo ATESTMEDQ para categoria "Segurado especial" onde o parâmetro "Exige Autodeclaração" no Catálogo está ATIVADO e NÃO foi respondida a autodeclaração **Parâmetro PAT ligado: 144 - Fluxo ATESTMEDQ | F28: =IFERROR(IF(VLOOKUP($B28,casostestes[#Data],4)=0,"-",VLOOKUP($B28,casostestes[#Data],4)),"-") -> Meu INSS | G28: =IFERROR(IF(VLOOKUP($B28,casostestes[#Data],5)=0,"-",VLOOKUP($B28,casostestes[#Data],5)),"-") -> INTERESSADO | H28: =IFERROR(IF(VLOOKUP($B28,casostestes[#Data],6)=0,"-",VLOOKUP($B28,casostestes[#Data],6)),"-") -> 1. Logar no Meu INSS 2.Criar tarefa de BI informando: Tipo de Incapacidade? "Temporária " A pessoa está presa? Não Categoria do trabalhador "Segurado Especial" A pessoa ficou sem trabalhar? Não 3. NÃO Responder a autodeclaração | I28: =IFERROR(IF(VLOOKUP($B28,casostestes[#Data],8)=0,"-",VLOOKUP($B28,casostestes[#Data],8)),"-") -> - | J28: =IFERROR(IF(VLOOKUP($B28,casostestes[#Data],9)=0,"-",VLOOKUP($B28,casostestes[#Data],9)),"-") -> "Tarefa de BI criada com situação Pendente. Status SIBE igual a FLUXO NÃO INICIADO Divergência de autodeclaração (116) incluída na tarefa Após execução workflow: Tarefa de BI com situação alterada para Exigência . DTP: Campo Exige_autodeclaração = 1" | K28: =IFERROR(IF(VLOOKUP($B28,orlando[#Data],12)=0,"Não executado",VLOOKUP($B28,orlando[#Data],12)),"Não executado") -> Não executado | L28: =IFERROR(IF(VLOOKUP($B28,mauricio[#Data],12)=0,"Não executado",VLOOKUP($B28,mauricio[#Data],12)),"Não executado") -> Não executado | M28: =IFERROR(IF(VLOOKUP($B28,Thaisa[#Data],12)=0,"Não executado",VLOOKUP($B28,Thaisa[#Data],12)),"Não executado") -> Não executado | N28: =IFERROR(IF(VLOOKUP($B28,carlos[#Data],12)=0,"Não executado",VLOOKUP($B28,carlos[#Data],12)),"Não executado") -> Não executado | O28: =IFERROR(IF(VLOOKUP($B28,Alessandra[#Data],12)=0,"Não executado",VLOOKUP($B28,Alessandra[#Data],12)),"Não executado") -> Não executado | P28: =IFERROR(IF(VLOOKUP($B28,AnaCarolina[#Data],12)=0,"Não executado",VLOOKUP($B28,AnaCarolina[#Data],12)),"Não executado") -> Não executado | Q28: =IFERROR(IF(VLOOKUP($B28,wanei[#Data],12)=0,"Não executado",VLOOKUP($B28,wanei[#Data],12)),"Não executado") -> Aprovado | R28: =IFERROR(IF(VLOOKUP($B28,janaina[#Data],12)=0,"Não executado",VLOOKUP($B28,janaina[#Data],12)),"Não executado") -> Não executado | S28: =IFERROR(IF(VLOOKUP($B28,andreia[#Data],12)=0,"Não executado",VLOOKUP($B28,andreia[#Data],12)),"Não executado") -> Não executado | T28: =IFERROR(IF(VLOOKUP(#REF!,homologador[#Data],12)=0,"Não executado",VLOOKUP(#REF!,homologador[#Data],12)),"Não executado") -> Não executado | U28: =COUNTIF(ACOMPANHAMENTO!K28:T28,"Aprovado")+COUNTIF(K28:T28,"Reprovado")+COUNTIF(K28:T28,"Em Teste") -> 1 | V28: =COUNTIF(K28:T28,"Em Teste") -> 0 | W28: =IF(U28>3,IF(V28>1,"SIM","NÃO"),"NÃO") -> NÃO
B29: =IF(ISERR(casostestes[[#This Row],[ID]]),"-",casostestes[[#This Row],[ID]]) -> 22 | C29: =IFERROR(IF(VLOOKUP($B29,casostestes[#Data],10)=0,"Não",VLOOKUP($B29,casostestes[#Data],10)), "-") -> Sim | D29: =IFERROR(IF(VLOOKUP($B29,casostestes[#Data],2)=0,"-",VLOOKUP($B29,casostestes[#Data],2)), "-") -> Integração | E29: =IFERROR(IF(VLOOKUP($B29,casostestes[#Data],3)=0,"-",VLOOKUP($B29,casostestes[#Data],3)), "-") -> 38 Cumprir a exigência de autodeclaração | F29: =IFERROR(IF(VLOOKUP($B29,casostestes[#Data],4)=0,"-",VLOOKUP($B29,casostestes[#Data],4)),"-") -> Meu INSS | G29: =IFERROR(IF(VLOOKUP($B29,casostestes[#Data],5)=0,"-",VLOOKUP($B29,casostestes[#Data],5)),"-") -> INTERESSADO | H29: =IFERROR(IF(VLOOKUP($B29,casostestes[#Data],6)=0,"-",VLOOKUP($B29,casostestes[#Data],6)),"-") -> 1. Logar no Meu INSS 2.Consultar uma tarefa em exigência de autodeclaração e acionar Cumprir Exigência 3. Responder o formulário de autodeclaração | I29: =IFERROR(IF(VLOOKUP($B29,casostestes[#Data],8)=0,"-",VLOOKUP($B29,casostestes[#Data],8)),"-") -> - | J29: =IFERROR(IF(VLOOKUP($B29,casostestes[#Data],9)=0,"-",VLOOKUP($B29,casostestes[#Data],9)),"-") -> Tarefa de BI com situação alterada para Pendente Divergência de autodeclaração (116) EXCLUÍDA da tarefa Aguardar até a geração automática do PDF da autodeclaração: DTP: Campo DT_RETORNO_SES_CNIS deverá estar preenchido (Descritivo preenchido pelo CNIS) Tabela SES_CNIS_ANALISES (Indica a existência ou não de períodos pendentes) Status SIBE igual a AGUARDANDO ATESTADO ou AGUARDANDO PERÍCIA (conforme a tarefa seja do fluxo ATESTMEDQ ou PRESENCIAL) Na opção "Lista de Ocorrências", o json de integração com o SIBE deverá conter o campo "periodosPendentesSegEsp" com valor true ou false, conforme tenha ou não períodos pendentes. | K29: =IFERROR(IF(VLOOKUP($B29,orlando[#Data],12)=0,"Não executado",VLOOKUP($B29,orlando[#Data],12)),"Não executado") -> Não executado | L29: =IFERROR(IF(VLOOKUP($B29,mauricio[#Data],12)=0,"Não executado",VLOOKUP($B29,mauricio[#Data],12)),"Não executado") -> Não executado | M29: =IFERROR(IF(VLOOKUP($B29,Thaisa[#Data],12)=0,"Não executado",VLOOKUP($B29,Thaisa[#Data],12)),"Não executado") -> Não executado | N29: =IFERROR(IF(VLOOKUP($B29,carlos[#Data],12)=0,"Não executado",VLOOKUP($B29,carlos[#Data],12)),"Não executado") -> Não executado | O29: =IFERROR(IF(VLOOKUP($B29,Alessandra[#Data],12)=0,"Não executado",VLOOKUP($B29,Alessandra[#Data],12)),"Não executado") -> Não executado | P29: =IFERROR(IF(VLOOKUP($B29,AnaCarolina[#Data],12)=0,"Não executado",VLOOKUP($B29,AnaCarolina[#Data],12)),"Não executado") -> Não executado | Q29: =IFERROR(IF(VLOOKUP($B29,wanei[#Data],12)=0,"Não executado",VLOOKUP($B29,wanei[#Data],12)),"Não executado") -> Aprovado | R29: =IFERROR(IF(VLOOKUP($B29,janaina[#Data],12)=0,"Não executado",VLOOKUP($B29,janaina[#Data],12)),"Não executado") -> Não executado | S29: =IFERROR(IF(VLOOKUP($B29,andreia[#Data],12)=0,"Não executado",VLOOKUP($B29,andreia[#Data],12)),"Não executado") -> Não executado | T29: =IFERROR(IF(VLOOKUP(#REF!,homologador[#Data],12)=0,"Não executado",VLOOKUP(#REF!,homologador[#Data],12)),"Não executado") -> Não executado | U29: =COUNTIF(ACOMPANHAMENTO!K29:T29,"Aprovado")+COUNTIF(K29:T29,"Reprovado")+COUNTIF(K29:T29,"Em Teste") -> 1 | V29: =COUNTIF(K29:T29,"Em Teste") -> 0 | W29: =IF(U29>3,IF(V29>1,"SIM","NÃO"),"NÃO") -> NÃO
B30: =IF(ISERR(casostestes[[#This Row],[ID]]),"-",casostestes[[#This Row],[ID]]) -> 23 | C30: =IFERROR(IF(VLOOKUP($B30,casostestes[#Data],10)=0,"Não",VLOOKUP($B30,casostestes[#Data],10)), "-") -> Sim | D30: =IFERROR(IF(VLOOKUP($B30,casostestes[#Data],2)=0,"-",VLOOKUP($B30,casostestes[#Data],2)), "-") -> Integração | E30: =IFERROR(IF(VLOOKUP($B30,casostestes[#Data],3)=0,"-",VLOOKUP($B30,casostestes[#Data],3)), "-") -> 39 Responder o formulário de autodeclaração acionando a opção de autodeclaração no card do pedido onde a tarefa encontra-se em exigência de autodeclaração Será posível acessar diretamente a autodeclaração logado no Meu INSS? | F30: =IFERROR(IF(VLOOKUP($B30,casostestes[#Data],4)=0,"-",VLOOKUP($B30,casostestes[#Data],4)),"-") -> Meu INSS | G30: =IFERROR(IF(VLOOKUP($B30,casostestes[#Data],5)=0,"-",VLOOKUP($B30,casostestes[#Data],5)),"-") -> INTERESSADO | H30: =IFERROR(IF(VLOOKUP($B30,casostestes[#Data],6)=0,"-",VLOOKUP($B30,casostestes[#Data],6)),"-") -> 1. Logar no Meu INSS 2.Consultar uma tarefa em exigência de autodeclaração 3. Acionar no card do pedido a opção de Autodeclaração 3. Responder o formulário de autodeclaração | I30: =IFERROR(IF(VLOOKUP($B30,casostestes[#Data],8)=0,"-",VLOOKUP($B30,casostestes[#Data],8)),"-") -> - | J30: =IFERROR(IF(VLOOKUP($B30,casostestes[#Data],9)=0,"-",VLOOKUP($B30,casostestes[#Data],9)),"-") -> Tarefa de BI com situação alterada para Pendente Divergência de autodeclaração (116) EXCLUÍDA da tarefa Aguardar até a geração automática do PDF da autodeclaração: Status SIBE igual a AGUARDANDO ATESTADO ou AGUARDANDO PERÍCIA (conforme a tarefa seja do fluxo ATESTMEDQ ou PRESENCIAL) Na opção "Lista de Ocorrências", o json de integração com o SIBE deverá conter o campo "periodosPendentesSegEsp" com valor true ou false, conforme tenha ou não períodos pendentes. | K30: =IFERROR(IF(VLOOKUP($B30,orlando[#Data],12)=0,"Não executado",VLOOKUP($B30,orlando[#Data],12)),"Não executado") -> Não executado | L30: =IFERROR(IF(VLOOKUP($B30,mauricio[#Data],12)=0,"Não executado",VLOOKUP($B30,mauricio[#Data],12)),"Não executado") -> Não executado | M30: =IFERROR(IF(VLOOKUP($B30,Thaisa[#Data],12)=0,"Não executado",VLOOKUP($B30,Thaisa[#Data],12)),"Não executado") -> Não executado | N30: =IFERROR(IF(VLOOKUP($B30,carlos[#Data],12)=0,"Não executado",VLOOKUP($B30,carlos[#Data],12)),"Não executado") -> Não executado | O30: =IFERROR(IF(VLOOKUP($B30,Alessandra[#Data],12)=0,"Não executado",VLOOKUP($B30,Alessandra[#Data],12)),"Não executado") -> Não executado | P30: =IFERROR(IF(VLOOKUP($B30,AnaCarolina[#Data],12)=0,"Não executado",VLOOKUP($B30,AnaCarolina[#Data],12)),"Não executado") -> Não executado | Q30: =IFERROR(IF(VLOOKUP($B30,wanei[#Data],12)=0,"Não executado",VLOOKUP($B30,wanei[#Data],12)),"Não executado") -> Aprovado | R30: =IFERROR(IF(VLOOKUP($B30,janaina[#Data],12)=0,"Não executado",VLOOKUP($B30,janaina[#Data],12)),"Não executado") -> Não executado | S30: =IFERROR(IF(VLOOKUP($B30,andreia[#Data],12)=0,"Não executado",VLOOKUP($B30,andreia[#Data],12)),"Não executado") -> Não executado | T30: =IFERROR(IF(VLOOKUP(#REF!,homologador[#Data],12)=0,"Não executado",VLOOKUP(#REF!,homologador[#Data],12)),"Não executado") -> Não executado | U30: =COUNTIF(ACOMPANHAMENTO!K30:T30,"Aprovado")+COUNTIF(K30:T30,"Reprovado")+COUNTIF(K30:T30,"Em Teste") -> 1 | V30: =COUNTIF(K30:T30,"Em Teste") -> 0 | W30: =IF(U30>3,IF(V30>1,"SIM","NÃO"),"NÃO") -> NÃO
B31: =IF(ISERR(casostestes[[#This Row],[ID]]),"-",casostestes[[#This Row],[ID]]) -> 24 | C31: =IFERROR(IF(VLOOKUP($B31,casostestes[#Data],10)=0,"Não",VLOOKUP($B31,casostestes[#Data],10)), "-") -> Sim | D31: =IFERROR(IF(VLOOKUP($B31,casostestes[#Data],2)=0,"-",VLOOKUP($B31,casostestes[#Data],2)), "-") -> Integração | E31: =IFERROR(IF(VLOOKUP($B31,casostestes[#Data],3)=0,"-",VLOOKUP($B31,casostestes[#Data],3)), "-") -> 40 Responder o formulário de autodeclaração acionando a opção de autodeclaração no card do pedido onde a tarefa encontra-se em exigência de documento médico Será posível acessar diretamente a autodeclaração logado no Meu INSS? | F31: =IFERROR(IF(VLOOKUP($B31,casostestes[#Data],4)=0,"-",VLOOKUP($B31,casostestes[#Data],4)),"-") -> Meu INSS | G31: =IFERROR(IF(VLOOKUP($B31,casostestes[#Data],5)=0,"-",VLOOKUP($B31,casostestes[#Data],5)),"-") -> INTERESSADO | H31: =IFERROR(IF(VLOOKUP($B31,casostestes[#Data],6)=0,"-",VLOOKUP($B31,casostestes[#Data],6)),"-") -> 1. Logar no Meu INSS 2.Consultar uma tarefa em exigência de documento médico 3. Acionar no card do pedido a opção de Autodeclaração 3. Responder o formulário de autodeclaração | I31: =IFERROR(IF(VLOOKUP($B31,casostestes[#Data],8)=0,"-",VLOOKUP($B31,casostestes[#Data],8)),"-") -> - | J31: =IFERROR(IF(VLOOKUP($B31,casostestes[#Data],9)=0,"-",VLOOKUP($B31,casostestes[#Data],9)),"-") -> Tarefa de BI permanece em tarefa em exigência de documento médico Divergência de autodeclaração (116) EXCLUÍDA da tarefa Aguardar até a geração automática do PDF da autodeclaração: Status SIBE continua igual a FLUXO NÃO INICIADO, pois a tarefa encontra-se em exigência de documento médico | K31: =IFERROR(IF(VLOOKUP($B31,orlando[#Data],12)=0,"Não executado",VLOOKUP($B31,orlando[#Data],12)),"Não executado") -> Não executado | L31: =IFERROR(IF(VLOOKUP($B31,mauricio[#Data],12)=0,"Não executado",VLOOKUP($B31,mauricio[#Data],12)),"Não executado") -> Não executado | M31: =IFERROR(IF(VLOOKUP($B31,Thaisa[#Data],12)=0,"Não executado",VLOOKUP($B31,Thaisa[#Data],12)),"Não executado") -> Não executado | N31: =IFERROR(IF(VLOOKUP($B31,carlos[#Data],12)=0,"Não executado",VLOOKUP($B31,carlos[#Data],12)),"Não executado") -> Não executado | O31: =IFERROR(IF(VLOOKUP($B31,Alessandra[#Data],12)=0,"Não executado",VLOOKUP($B31,Alessandra[#Data],12)),"Não executado") -> Não executado | P31: =IFERROR(IF(VLOOKUP($B31,AnaCarolina[#Data],12)=0,"Não executado",VLOOKUP($B31,AnaCarolina[#Data],12)),"Não executado") -> Não executado | Q31: =IFERROR(IF(VLOOKUP($B31,wanei[#Data],12)=0,"Não executado",VLOOKUP($B31,wanei[#Data],12)),"Não executado") -> Aprovado | R31: =IFERROR(IF(VLOOKUP($B31,janaina[#Data],12)=0,"Não executado",VLOOKUP($B31,janaina[#Data],12)),"Não executado") -> Não executado | S31: =IFERROR(IF(VLOOKUP($B31,andreia[#Data],12)=0,"Não executado",VLOOKUP($B31,andreia[#Data],12)),"Não executado") -> Não executado | T31: =IFERROR(IF(VLOOKUP($B14,homologador[#Data],12)=0,"Não executado",VLOOKUP($B14,homologador[#Data],12)),"Não executado") -> Não executado | U31: =COUNTIF(ACOMPANHAMENTO!K31:T31,"Aprovado")+COUNTIF(K31:T31,"Reprovado")+COUNTIF(K31:T31,"Em Teste") -> 1 | V31: =COUNTIF(K31:T31,"Em Teste") -> 0 | W31: =IF(U31>3,IF(V31>1,"SIM","NÃO"),"NÃO") -> NÃO
B32: =IF(ISERR(casostestes[[#This Row],[ID]]),"-",casostestes[[#This Row],[ID]]) -> 25 | C32: =IFERROR(IF(VLOOKUP($B32,casostestes[#Data],10)=0,"Não",VLOOKUP($B32,casostestes[#Data],10)), "-") -> Sim | D32: =IFERROR(IF(VLOOKUP($B32,casostestes[#Data],2)=0,"-",VLOOKUP($B32,casostestes[#Data],2)), "-") -> Integração | E32: =IFERROR(IF(VLOOKUP($B32,casostestes[#Data],3)=0,"-",VLOOKUP($B32,casostestes[#Data],3)), "-") -> 41 'Criar tarefa de BI inicial fluxo ATESTMEDQ para categoria "Segurado especial" onde o parâmetro "Exige Autodeclaração" no Catálogo está ATIVADO, foi respondida a autodeclaração, NÃO foi incluído o anexo detalhado de AD e ocorreu enquadramento na regra da análise de risco **Parâmetro PAT ligado: 144 - Fluxo ATESTMEDQ **Parâmetro PAT ligado: 119 - Habilitar fluxo de Análise de Risco no Novo BI | F32: =IFERROR(IF(VLOOKUP($B32,casostestes[#Data],4)=0,"-",VLOOKUP($B32,casostestes[#Data],4)),"-") -> PAT | G32: =IFERROR(IF(VLOOKUP($B32,casostestes[#Data],5)=0,"-",VLOOKUP($B32,casostestes[#Data],5)),"-") -> SERVIDOR | H32: =IFERROR(IF(VLOOKUP($B32,casostestes[#Data],6)=0,"-",VLOOKUP($B32,casostestes[#Data],6)),"-") -> 1. Logar no Portal do Atendimento INSS com o perfil do caso de teste 2.Criar tarefa de BI informando: Tipo de Incapacidade? "Temporária " A pessoa está presa? Não Categoria do trabalhador "Segurado Especial" A pessoa ficou sem trabalhar? Sim 3. NÃO informar anexo detalhado de autodeclaração 4. Responder o formulário de autodeclaração Resultado 1 5. Executar o serviço do STD simulando enquadramento na regra da análise de risco - Inclusão da divergência 202 (ORIENTAÇÕES NA ABA MASSA) Resultado 2 | I32: =IFERROR(IF(VLOOKUP($B32,casostestes[#Data],8)=0,"-",VLOOKUP($B32,casostestes[#Data],8)),"-") -> - | J32: =IFERROR(IF(VLOOKUP($B32,casostestes[#Data],9)=0,"-",VLOOKUP($B32,casostestes[#Data],9)),"-") -> Resultado 1: Tarefa de BI criada com situação Pendente. Tarefa SEM a Divergência de autodeclaração (116) Status SIBE igual a FLUXO NÃO INICIADO Seção campos adicionais: "Fluxo Inicial e final do BI" deve ter o valor "ATESTMEDQ" DTP: Campo Exige_autodeclaração = 1 Aguardar alguns minutos após a geração automática do PDF da autodeclaração: Status SIBE continua igual a FLUXO NÃO INICIADO Resultado 2 - Após a execução do serviço do STD: - Cerca de 5 minutos depois, será exibida a divergência da Análise de Risco (202) no requerimento - Alguns minutos depois: Status SIBE igual a AGUARDANDO PERÍCIA - Ocorrências de integração (com SIBE) "tipoInformacaoMedica":0 "periodosPendentesSegEsp" com valor true ou false, conforme tenha ou não períodos pendentes. Seção campos adicionais: "Fluxo Inicial do BI" deve ter o valor "ATESTMEDQ" "Fluxo Final do BI" deve ter o valor "PRESENCIAL" -Alguns minutos depois, o requerimento entrará em exigência de agendamento: Seção "Agendamentos (Perícia)": - A etapa_pericia apresentará o valor AGUARDANDO AGENDAMENTO Aba Despachos: -Inclusão do despacho de exigência de agendamento | K32: =IFERROR(IF(VLOOKUP($B32,orlando[#Data],12)=0,"Não executado",VLOOKUP($B32,orlando[#Data],12)),"Não executado") -> Não executado | L32: =IFERROR(IF(VLOOKUP($B32,mauricio[#Data],12)=0,"Não executado",VLOOKUP($B32,mauricio[#Data],12)),"Não executado") -> Não executado | M32: =IFERROR(IF(VLOOKUP($B32,Thaisa[#Data],12)=0,"Não executado",VLOOKUP($B32,Thaisa[#Data],12)),"Não executado") -> Não executado | N32: =IFERROR(IF(VLOOKUP($B32,carlos[#Data],12)=0,"Não executado",VLOOKUP($B32,carlos[#Data],12)),"Não executado") -> Não executado | O32: =IFERROR(IF(VLOOKUP($B32,Alessandra[#Data],12)=0,"Não executado",VLOOKUP($B32,Alessandra[#Data],12)),"Não executado") -> Não executado | P32: =IFERROR(IF(VLOOKUP($B32,AnaCarolina[#Data],12)=0,"Não executado",VLOOKUP($B32,AnaCarolina[#Data],12)),"Não executado") -> Não executado | Q32: =IFERROR(IF(VLOOKUP($B32,wanei[#Data],12)=0,"Não executado",VLOOKUP($B32,wanei[#Data],12)),"Não executado") -> Aprovado | R32: =IFERROR(IF(VLOOKUP($B32,janaina[#Data],12)=0,"Não executado",VLOOKUP($B32,janaina[#Data],12)),"Não executado") -> Não executado | S32: =IFERROR(IF(VLOOKUP($B32,andreia[#Data],12)=0,"Não executado",VLOOKUP($B32,andreia[#Data],12)),"Não executado") -> Não executado | T32: =IFERROR(IF(VLOOKUP($B15,homologador[#Data],12)=0,"Não executado",VLOOKUP($B15,homologador[#Data],12)),"Não executado") -> Não executado | U32: =COUNTIF(ACOMPANHAMENTO!K32:T32,"Aprovado")+COUNTIF(K32:T32,"Reprovado")+COUNTIF(K32:T32,"Em Teste") -> 1 | V32: =COUNTIF(K32:T32,"Em Teste") -> 0 | W32: =IF(U32>3,IF(V32>1,"SIM","NÃO"),"NÃO") -> NÃO
B33: =IF(ISERR(casostestes[[#This Row],[ID]]),"-",casostestes[[#This Row],[ID]]) -> 26 | C33: =IFERROR(IF(VLOOKUP($B33,casostestes[#Data],10)=0,"Não",VLOOKUP($B33,casostestes[#Data],10)), "-") -> Sim | D33: =IFERROR(IF(VLOOKUP($B33,casostestes[#Data],2)=0,"-",VLOOKUP($B33,casostestes[#Data],2)), "-") -> Integração | E33: =IFERROR(IF(VLOOKUP($B33,casostestes[#Data],3)=0,"-",VLOOKUP($B33,casostestes[#Data],3)), "-") -> 42' Criar tarefa de BI inicial fluxo ATESTMEDQ para categoria "Segurado especial" onde o parâmetro "Exige Autodeclaração" no Catálogo está ATIVADO, NÃO foi respondida a autodeclaração, NÃO foi incluído o anexo detalhado de AD e ocorreu enquadramento na regra da análise de risco **Parâmetro PAT ligado: 144 - Fluxo ATESTMEDQ **Parâmetro PAT ligado: 119 - Habilitar fluxo de Análise de Risco no Novo BI | F33: =IFERROR(IF(VLOOKUP($B33,casostestes[#Data],4)=0,"-",VLOOKUP($B33,casostestes[#Data],4)),"-") -> PAT | G33: =IFERROR(IF(VLOOKUP($B33,casostestes[#Data],5)=0,"-",VLOOKUP($B33,casostestes[#Data],5)),"-") -> SERVIDOR | H33: =IFERROR(IF(VLOOKUP($B33,casostestes[#Data],6)=0,"-",VLOOKUP($B33,casostestes[#Data],6)),"-") -> 1. Logar no Portal do Atendimento INSS com o perfil do caso de teste 2.Criar tarefa de BI informando: Tipo de Incapacidade? "Temporária " A pessoa está presa? Não Categoria do trabalhador "Segurado Especial" A pessoa ficou sem trabalhar? Sim 3. NÃO informar anexo detalhado de autodeclaração 4. NÃO responder o formulário de autodeclaração Resultado 1 5. Executar o serviço do STD simulando enquadramento na regra da análise de risco - Inclusão da divergência 202 (ORIENTAÇÕES NA ABA MASSA) Resultado 2 6. Cumprir a exigência, respondendo o formulário de autodeclaração Resultado 3 | I33: =IFERROR(IF(VLOOKUP($B33,casostestes[#Data],8)=0,"-",VLOOKUP($B33,casostestes[#Data],8)),"-") -> - | J33: =IFERROR(IF(VLOOKUP($B33,casostestes[#Data],9)=0,"-",VLOOKUP($B33,casostestes[#Data],9)),"-") -> 'Resultado 1: Tarefa de BI criada com situação Pendente e COM Divergência de autodeclaração (116) Após alguns minutos, tarefa de BI alterada para Exigência . Status SIBE igual a FLUXO NÃO INICIADO "Fluxo Inicial do BI" deve ter o valor "ATESTMEDQ" "Fluxo Final do BI" deve ter o valor "ATESTMEDQ" DTP: Campo Exige_autodeclaração = 1 Resultado 2 - Após a execução do serviço do STD: -Cerca de 5 minutos depois, será exibida a divergência da Análise de Risco (202) no requerimento Status SIBE continua igual a FLUXO NÃO INICIADO Resultado 3 - após cumpris exigência de AD: Tarefa de BI com situação Pendente Divergência de falta de autodeclaração (116) excluída da tarefa Aguardar até a geração automática do PDF da autodeclaração: -Alguns minutos depois: Status SIBE igual a AGUARDANDO PERÍCIA -Ocorrências de integração (com SIBE) "tipoInformacaoMedica":0 "periodosPendentesSegEsp" com valor true ou false, conforme tenha ou não períodos pendentes. Seção campos adicionais: "Fluxo Inicial do BI" deve ter o valor "ATESTMEDQ" "Fluxo Final do BI" deve ter o valor "PRESENCIAL" -Alguns minutos depois, o requerimento entrará em exigência de agendamento: Seção "Agendamentos (Perícia)": - A etapa_pericia apresentará o valor AGUARDANDO AGENDAMENTO Aba Despachos: -Inclusão do despacho de exigência de agendamento | K33: =IFERROR(IF(VLOOKUP($B33,orlando[#Data],12)=0,"Não executado",VLOOKUP($B33,orlando[#Data],12)),"Não executado") -> Não executado | L33: =IFERROR(IF(VLOOKUP($B33,mauricio[#Data],12)=0,"Não executado",VLOOKUP($B33,mauricio[#Data],12)),"Não executado") -> Não executado | M33: =IFERROR(IF(VLOOKUP($B33,Thaisa[#Data],12)=0,"Não executado",VLOOKUP($B33,Thaisa[#Data],12)),"Não executado") -> Não executado | N33: =IFERROR(IF(VLOOKUP($B33,carlos[#Data],12)=0,"Não executado",VLOOKUP($B33,carlos[#Data],12)),"Não executado") -> Não executado | O33: =IFERROR(IF(VLOOKUP($B33,Alessandra[#Data],12)=0,"Não executado",VLOOKUP($B33,Alessandra[#Data],12)),"Não executado") -> Não executado | P33: =IFERROR(IF(VLOOKUP($B33,AnaCarolina[#Data],12)=0,"Não executado",VLOOKUP($B33,AnaCarolina[#Data],12)),"Não executado") -> Em Teste | Q33: =IFERROR(IF(VLOOKUP($B33,wanei[#Data],12)=0,"Não executado",VLOOKUP($B33,wanei[#Data],12)),"Não executado") -> Aprovado | R33: =IFERROR(IF(VLOOKUP($B33,janaina[#Data],12)=0,"Não executado",VLOOKUP($B33,janaina[#Data],12)),"Não executado") -> Não executado | S33: =IFERROR(IF(VLOOKUP($B33,andreia[#Data],12)=0,"Não executado",VLOOKUP($B33,andreia[#Data],12)),"Não executado") -> Não executado | T33: =IFERROR(IF(VLOOKUP($B16,homologador[#Data],12)=0,"Não executado",VLOOKUP($B16,homologador[#Data],12)),"Não executado") -> Não executado | U33: =COUNTIF(ACOMPANHAMENTO!K33:T33,"Aprovado")+COUNTIF(K33:T33,"Reprovado")+COUNTIF(K33:T33,"Em Teste") -> 2 | V33: =COUNTIF(K33:T33,"Em Teste") -> 1 | W33: =IF(U33>3,IF(V33>1,"SIM","NÃO"),"NÃO") -> NÃO
B34: =IF(ISERR(casostestes[[#This Row],[ID]]),"-",casostestes[[#This Row],[ID]]) -> 27 | C34: =IFERROR(IF(VLOOKUP($B34,casostestes[#Data],10)=0,"Não",VLOOKUP($B34,casostestes[#Data],10)), "-") -> Sim | D34: =IFERROR(IF(VLOOKUP($B34,casostestes[#Data],2)=0,"-",VLOOKUP($B34,casostestes[#Data],2)), "-") -> Integração | E34: =IFERROR(IF(VLOOKUP($B34,casostestes[#Data],3)=0,"-",VLOOKUP($B34,casostestes[#Data],3)), "-") -> 43' Criar tarefa de BI inicial fluxo ATESTMEDQ para categoria "Segurado especial" onde o parâmetro "Exige Autodeclaração" no Catálogo está ATIVADO, NÃO foi respondida a autodeclaração, NÃO foi incluído o anexo detalhado de AD e ocorreu enquadramento na regra da análise de risco **Parâmetro PAT ligado: 144 - Fluxo ATESTMEDQ **Parâmetro PAT ligado: 119 - Habilitar fluxo de Análise de Risco no Novo BI | F34: =IFERROR(IF(VLOOKUP($B34,casostestes[#Data],4)=0,"-",VLOOKUP($B34,casostestes[#Data],4)),"-") -> PAT | G34: =IFERROR(IF(VLOOKUP($B34,casostestes[#Data],5)=0,"-",VLOOKUP($B34,casostestes[#Data],5)),"-") -> SERVIDOR | H34: =IFERROR(IF(VLOOKUP($B34,casostestes[#Data],6)=0,"-",VLOOKUP($B34,casostestes[#Data],6)),"-") -> 1. Logar no Portal do Atendimento INSS com o perfil do caso de teste 2.Criar tarefa de BI informando: Tipo de Incapacidade? "Temporária " A pessoa está presa? Não Categoria do trabalhador "Segurado Especial" A pessoa ficou sem trabalhar? Sim 3. NÃO informar anexo detalhado de autodeclaração 4. NÃO responder o formulário de autodeclaração Resultado 1 5. Executar o serviço do STD simulando enquadramento na regra da análise de risco - Inclusão da divergência 202 (ORIENTAÇÕES NA ABA MASSA) Resultado 2 6. Cumprir a exigência, respondendo o formulário de autodeclaração Resultado 3 | I34: =IFERROR(IF(VLOOKUP($B34,casostestes[#Data],8)=0,"-",VLOOKUP($B34,casostestes[#Data],8)),"-") -> - | J34: =IFERROR(IF(VLOOKUP($B34,casostestes[#Data],9)=0,"-",VLOOKUP($B34,casostestes[#Data],9)),"-") -> 'Resultado 1: Tarefa de BI criada com situação Pendente e COM Divergência de autodeclaração (116) Após alguns minutos, tarefa de BI alterada para Exigência . Status SIBE igual a FLUXO NÃO INICIADO "Fluxo Inicial do BI" deve ter o valor "ATESTMEDQ" "Fluxo Final do BI" deve ter o valor "ATESTMEDQ" DTP: Campo Exige_autodeclaração = 1 Resultado 2 - Após a execução do serviço do STD: -Cerca de 5 minutos depois, será exibida a divergência da Análise de Risco (202) no requerimento Status SIBE continua igual a FLUXO NÃO INICIADO Resultado 3 - após cumpris exigência de AD: Tarefa de BI com situação Pendente Divergência de falta de autodeclaração (116) excluída da tarefa Aguardar até a geração automática do PDF da autodeclaração: -Alguns minutos depois: Status SIBE igual a AGUARDANDO PERÍCIA -Ocorrências de integração (com SIBE) "tipoInformacaoMedica":0 "periodosPendentesSegEsp" com valor true ou false, conforme tenha ou não períodos pendentes. Seção campos adicionais: "Fluxo Inicial do BI" deve ter o valor "ATESTMEDQ" "Fluxo Final do BI" deve ter o valor "PRESENCIAL" -Alguns minutos depois, o requerimento entrará em exigência de agendamento: Seção "Agendamentos (Perícia)": - A etapa_pericia apresentará o valor AGUARDANDO AGENDAMENTO Aba Despachos: -Inclusão do despacho de exigência de agendamento | K34: =IFERROR(IF(VLOOKUP($B34,orlando[#Data],12)=0,"Não executado",VLOOKUP($B34,orlando[#Data],12)),"Não executado") -> Não executado | L34: =IFERROR(IF(VLOOKUP($B34,mauricio[#Data],12)=0,"Não executado",VLOOKUP($B34,mauricio[#Data],12)),"Não executado") -> Não executado | M34: =IFERROR(IF(VLOOKUP($B34,Thaisa[#Data],12)=0,"Não executado",VLOOKUP($B34,Thaisa[#Data],12)),"Não executado") -> Não executado | N34: =IFERROR(IF(VLOOKUP($B34,carlos[#Data],12)=0,"Não executado",VLOOKUP($B34,carlos[#Data],12)),"Não executado") -> Não executado | O34: =IFERROR(IF(VLOOKUP($B34,Alessandra[#Data],12)=0,"Não executado",VLOOKUP($B34,Alessandra[#Data],12)),"Não executado") -> Não executado | P34: =IFERROR(IF(VLOOKUP($B34,AnaCarolina[#Data],12)=0,"Não executado",VLOOKUP($B34,AnaCarolina[#Data],12)),"Não executado") -> Em Teste | Q34: =IFERROR(IF(VLOOKUP($B34,wanei[#Data],12)=0,"Não executado",VLOOKUP($B34,wanei[#Data],12)),"Não executado") -> Aprovado | R34: =IFERROR(IF(VLOOKUP($B34,janaina[#Data],12)=0,"Não executado",VLOOKUP($B34,janaina[#Data],12)),"Não executado") -> Não executado | S34: =IFERROR(IF(VLOOKUP($B34,andreia[#Data],12)=0,"Não executado",VLOOKUP($B34,andreia[#Data],12)),"Não executado") -> Não executado | T34: =IFERROR(IF(VLOOKUP($B17,homologador[#Data],12)=0,"Não executado",VLOOKUP($B17,homologador[#Data],12)),"Não executado") -> Não executado | U34: =COUNTIF(ACOMPANHAMENTO!K34:T34,"Aprovado")+COUNTIF(K34:T34,"Reprovado")+COUNTIF(K34:T34,"Em Teste") -> 2 | V34: =COUNTIF(K34:T34,"Em Teste") -> 1 | W34: =IF(U34>3,IF(V34>1,"SIM","NÃO"),"NÃO") -> NÃO
B35: =IF(ISERR(casostestes[[#This Row],[ID]]),"-",casostestes[[#This Row],[ID]]) -> - | C35: =IFERROR(IF(VLOOKUP($B35,casostestes[#Data],10)=0,"Não",VLOOKUP($B35,casostestes[#Data],10)), "-") -> - | D35: =IFERROR(IF(VLOOKUP($B35,casostestes[#Data],2)=0,"-",VLOOKUP($B35,casostestes[#Data],2)), "-") -> - | E35: =IFERROR(IF(VLOOKUP($B35,casostestes[#Data],3)=0,"-",VLOOKUP($B35,casostestes[#Data],3)), "-") -> - | F35: =IFERROR(IF(VLOOKUP($B35,casostestes[#Data],4)=0,"-",VLOOKUP($B35,casostestes[#Data],4)),"-") -> - | G35: =IFERROR(IF(VLOOKUP($B35,casostestes[#Data],5)=0,"-",VLOOKUP($B35,casostestes[#Data],5)),"-") -> - | H35: =IFERROR(IF(VLOOKUP($B35,casostestes[#Data],6)=0,"-",VLOOKUP($B35,casostestes[#Data],6)),"-") -> - | I35: =IFERROR(IF(VLOOKUP($B35,casostestes[#Data],8)=0,"-",VLOOKUP($B35,casostestes[#Data],8)),"-") -> - | J35: =IFERROR(IF(VLOOKUP($B35,casostestes[#Data],9)=0,"-",VLOOKUP($B35,casostestes[#Data],9)),"-") -> - | K35: =IFERROR(IF(VLOOKUP($B35,orlando[#Data],12)=0,"Não executado",VLOOKUP($B35,orlando[#Data],12)),"Não executado") -> Não executado | L35: =IFERROR(IF(VLOOKUP($B35,mauricio[#Data],12)=0,"Não executado",VLOOKUP($B35,mauricio[#Data],12)),"Não executado") -> Não executado | M35: =IFERROR(IF(VLOOKUP($B35,Thaisa[#Data],12)=0,"Não executado",VLOOKUP($B35,Thaisa[#Data],12)),"Não executado") -> Não executado | N35: =IFERROR(IF(VLOOKUP($B35,carlos[#Data],12)=0,"Não executado",VLOOKUP($B35,carlos[#Data],12)),"Não executado") -> Não executado | O35: =IFERROR(IF(VLOOKUP($B35,Alessandra[#Data],12)=0,"Não executado",VLOOKUP($B35,Alessandra[#Data],12)),"Não executado") -> Não executado | P35: =IFERROR(IF(VLOOKUP($B35,AnaCarolina[#Data],12)=0,"Não executado",VLOOKUP($B35,AnaCarolina[#Data],12)),"Não executado") -> Não executado | Q35: =IFERROR(IF(VLOOKUP($B35,wanei[#Data],12)=0,"Não executado",VLOOKUP($B35,wanei[#Data],12)),"Não executado") -> Não executado | R35: =IFERROR(IF(VLOOKUP($B35,janaina[#Data],12)=0,"Não executado",VLOOKUP($B35,janaina[#Data],12)),"Não executado") -> Não executado | S35: =IFERROR(IF(VLOOKUP($B35,andreia[#Data],12)=0,"Não executado",VLOOKUP($B35,andreia[#Data],12)),"Não executado") -> Não executado | T35: =IFERROR(IF(VLOOKUP($B18,homologador[#Data],12)=0,"Não executado",VLOOKUP($B18,homologador[#Data],12)),"Não executado") -> Não executado
B36: =IF(ISERR(casostestes[[#This Row],[ID]]),"-",casostestes[[#This Row],[ID]]) -> - | C36: =IFERROR(IF(VLOOKUP($B36,casostestes[#Data],10)=0,"Não",VLOOKUP($B36,casostestes[#Data],10)), "-") -> - | D36: =IFERROR(IF(VLOOKUP($B36,casostestes[#Data],2)=0,"-",VLOOKUP($B36,casostestes[#Data],2)), "-") -> - | E36: =IFERROR(IF(VLOOKUP($B36,casostestes[#Data],3)=0,"-",VLOOKUP($B36,casostestes[#Data],3)), "-") -> - | F36: =IFERROR(IF(VLOOKUP($B36,casostestes[#Data],4)=0,"-",VLOOKUP($B36,casostestes[#Data],4)),"-") -> - | G36: =IFERROR(IF(VLOOKUP($B36,casostestes[#Data],5)=0,"-",VLOOKUP($B36,casostestes[#Data],5)),"-") -> - | H36: =IFERROR(IF(VLOOKUP($B36,casostestes[#Data],6)=0,"-",VLOOKUP($B36,casostestes[#Data],6)),"-") -> - | I36: =IFERROR(IF(VLOOKUP($B36,casostestes[#Data],8)=0,"-",VLOOKUP($B36,casostestes[#Data],8)),"-") -> - | J36: =IFERROR(IF(VLOOKUP($B36,casostestes[#Data],9)=0,"-",VLOOKUP($B36,casostestes[#Data],9)),"-") -> - | K36: =IFERROR(IF(VLOOKUP($B36,orlando[#Data],12)=0,"Não executado",VLOOKUP($B36,orlando[#Data],12)),"Não executado") -> Não executado | L36: =IFERROR(IF(VLOOKUP($B36,mauricio[#Data],12)=0,"Não executado",VLOOKUP($B36,mauricio[#Data],12)),"Não executado") -> Não executado | M36: =IFERROR(IF(VLOOKUP($B36,Thaisa[#Data],12)=0,"Não executado",VLOOKUP($B36,Thaisa[#Data],12)),"Não executado") -> Não executado | N36: =IFERROR(IF(VLOOKUP($B36,carlos[#Data],12)=0,"Não executado",VLOOKUP($B36,carlos[#Data],12)),"Não executado") -> Não executado | O36: =IFERROR(IF(VLOOKUP($B36,Alessandra[#Data],12)=0,"Não executado",VLOOKUP($B36,Alessandra[#Data],12)),"Não executado") -> Não executado | P36: =IFERROR(IF(VLOOKUP($B36,AnaCarolina[#Data],12)=0,"Não executado",VLOOKUP($B36,AnaCarolina[#Data],12)),"Não executado") -> Não executado | Q36: =IFERROR(IF(VLOOKUP($B36,wanei[#Data],12)=0,"Não executado",VLOOKUP($B36,wanei[#Data],12)),"Não executado") -> Não executado | R36: =IFERROR(IF(VLOOKUP($B36,janaina[#Data],12)=0,"Não executado",VLOOKUP($B36,janaina[#Data],12)),"Não executado") -> Não executado | S36: =IFERROR(IF(VLOOKUP($B36,andreia[#Data],12)=0,"Não executado",VLOOKUP($B36,andreia[#Data],12)),"Não executado") -> Não executado | T36: =IFERROR(IF(VLOOKUP($B19,homologador[#Data],12)=0,"Não executado",VLOOKUP($B19,homologador[#Data],12)),"Não executado") -> Não executado
B37: =IF(ISERR(casostestes[[#This Row],[ID]]),"-",casostestes[[#This Row],[ID]]) -> - | C37: =IFERROR(IF(VLOOKUP($B37,casostestes[#Data],10)=0,"Não",VLOOKUP($B37,casostestes[#Data],10)), "-") -> - | D37: =IFERROR(IF(VLOOKUP($B37,casostestes[#Data],2)=0,"-",VLOOKUP($B37,casostestes[#Data],2)), "-") -> - | E37: =IFERROR(IF(VLOOKUP($B37,casostestes[#Data],3)=0,"-",VLOOKUP($B37,casostestes[#Data],3)), "-") -> - | F37: =IFERROR(IF(VLOOKUP($B37,casostestes[#Data],4)=0,"-",VLOOKUP($B37,casostestes[#Data],4)),"-") -> - | G37: =IFERROR(IF(VLOOKUP($B37,casostestes[#Data],5)=0,"-",VLOOKUP($B37,casostestes[#Data],5)),"-") -> - | H37: =IFERROR(IF(VLOOKUP($B37,casostestes[#Data],6)=0,"-",VLOOKUP($B37,casostestes[#Data],6)),"-") -> - | I37: =IFERROR(IF(VLOOKUP($B37,casostestes[#Data],8)=0,"-",VLOOKUP($B37,casostestes[#Data],8)),"-") -> - | J37: =IFERROR(IF(VLOOKUP($B37,casostestes[#Data],9)=0,"-",VLOOKUP($B37,casostestes[#Data],9)),"-") -> - | K37: =IFERROR(IF(VLOOKUP($B37,orlando[#Data],12)=0,"Não executado",VLOOKUP($B37,orlando[#Data],12)),"Não executado") -> Não executado | L37: =IFERROR(IF(VLOOKUP($B37,mauricio[#Data],12)=0,"Não executado",VLOOKUP($B37,mauricio[#Data],12)),"Não executado") -> Não executado | M37: =IFERROR(IF(VLOOKUP($B37,Thaisa[#Data],12)=0,"Não executado",VLOOKUP($B37,Thaisa[#Data],12)),"Não executado") -> Não executado | N37: =IFERROR(IF(VLOOKUP($B37,carlos[#Data],12)=0,"Não executado",VLOOKUP($B37,carlos[#Data],12)),"Não executado") -> Não executado | O37: =IFERROR(IF(VLOOKUP($B37,Alessandra[#Data],12)=0,"Não executado",VLOOKUP($B37,Alessandra[#Data],12)),"Não executado") -> Não executado | P37: =IFERROR(IF(VLOOKUP($B37,AnaCarolina[#Data],12)=0,"Não executado",VLOOKUP($B37,AnaCarolina[#Data],12)),"Não executado") -> Não executado | Q37: =IFERROR(IF(VLOOKUP($B37,wanei[#Data],12)=0,"Não executado",VLOOKUP($B37,wanei[#Data],12)),"Não executado") -> Não executado | R37: =IFERROR(IF(VLOOKUP($B37,janaina[#Data],12)=0,"Não executado",VLOOKUP($B37,janaina[#Data],12)),"Não executado") -> Não executado | S37: =IFERROR(IF(VLOOKUP($B37,andreia[#Data],12)=0,"Não executado",VLOOKUP($B37,andreia[#Data],12)),"Não executado") -> Não executado | T37: =IFERROR(IF(VLOOKUP($B20,homologador[#Data],12)=0,"Não executado",VLOOKUP($B20,homologador[#Data],12)),"Não executado") -> Não executado
B38: =IF(ISERR(casostestes[[#This Row],[ID]]),"-",casostestes[[#This Row],[ID]]) -> - | C38: =IFERROR(IF(VLOOKUP($B38,casostestes[#Data],10)=0,"Não",VLOOKUP($B38,casostestes[#Data],10)), "-") -> - | D38: =IFERROR(IF(VLOOKUP($B38,casostestes[#Data],2)=0,"-",VLOOKUP($B38,casostestes[#Data],2)), "-") -> - | E38: =IFERROR(IF(VLOOKUP($B38,casostestes[#Data],3)=0,"-",VLOOKUP($B38,casostestes[#Data],3)), "-") -> - | F38: =IFERROR(IF(VLOOKUP($B38,casostestes[#Data],4)=0,"-",VLOOKUP($B38,casostestes[#Data],4)),"-") -> - | G38: =IFERROR(IF(VLOOKUP($B38,casostestes[#Data],5)=0,"-",VLOOKUP($B38,casostestes[#Data],5)),"-") -> - | H38: =IFERROR(IF(VLOOKUP($B38,casostestes[#Data],6)=0,"-",VLOOKUP($B38,casostestes[#Data],6)),"-") -> - | I38: =IFERROR(IF(VLOOKUP($B38,casostestes[#Data],8)=0,"-",VLOOKUP($B38,casostestes[#Data],8)),"-") -> - | J38: =IFERROR(IF(VLOOKUP($B38,casostestes[#Data],9)=0,"-",VLOOKUP($B38,casostestes[#Data],9)),"-") -> - | K38: =IFERROR(IF(VLOOKUP($B38,orlando[#Data],12)=0,"Não executado",VLOOKUP($B38,orlando[#Data],12)),"Não executado") -> Não executado | L38: =IFERROR(IF(VLOOKUP($B38,mauricio[#Data],12)=0,"Não executado",VLOOKUP($B38,mauricio[#Data],12)),"Não executado") -> Não executado | M38: =IFERROR(IF(VLOOKUP($B38,Thaisa[#Data],12)=0,"Não executado",VLOOKUP($B38,Thaisa[#Data],12)),"Não executado") -> Não executado | N38: =IFERROR(IF(VLOOKUP($B38,carlos[#Data],12)=0,"Não executado",VLOOKUP($B38,carlos[#Data],12)),"Não executado") -> Não executado | O38: =IFERROR(IF(VLOOKUP($B38,Alessandra[#Data],12)=0,"Não executado",VLOOKUP($B38,Alessandra[#Data],12)),"Não executado") -> Não executado | P38: =IFERROR(IF(VLOOKUP($B38,AnaCarolina[#Data],12)=0,"Não executado",VLOOKUP($B38,AnaCarolina[#Data],12)),"Não executado") -> Não executado | Q38: =IFERROR(IF(VLOOKUP($B38,wanei[#Data],12)=0,"Não executado",VLOOKUP($B38,wanei[#Data],12)),"Não executado") -> Não executado | R38: =IFERROR(IF(VLOOKUP($B38,janaina[#Data],12)=0,"Não executado",VLOOKUP($B38,janaina[#Data],12)),"Não executado") -> Não executado | S38: =IFERROR(IF(VLOOKUP($B38,andreia[#Data],12)=0,"Não executado",VLOOKUP($B38,andreia[#Data],12)),"Não executado") -> Não executado | T38: =IFERROR(IF(VLOOKUP($B21,homologador[#Data],12)=0,"Não executado",VLOOKUP($B21,homologador[#Data],12)),"Não executado") -> Não executado
B39: =IF(ISERR(casostestes[[#This Row],[ID]]),"-",casostestes[[#This Row],[ID]]) -> - | C39: =IFERROR(IF(VLOOKUP($B39,casostestes[#Data],10)=0,"Não",VLOOKUP($B39,casostestes[#Data],10)), "-") -> - | D39: =IFERROR(IF(VLOOKUP($B39,casostestes[#Data],2)=0,"-",VLOOKUP($B39,casostestes[#Data],2)), "-") -> - | E39: =IFERROR(IF(VLOOKUP($B39,casostestes[#Data],3)=0,"-",VLOOKUP($B39,casostestes[#Data],3)), "-") -> - | F39: =IFERROR(IF(VLOOKUP($B39,casostestes[#Data],4)=0,"-",VLOOKUP($B39,casostestes[#Data],4)),"-") -> - | G39: =IFERROR(IF(VLOOKUP($B39,casostestes[#Data],5)=0,"-",VLOOKUP($B39,casostestes[#Data],5)),"-") -> - | H39: =IFERROR(IF(VLOOKUP($B39,casostestes[#Data],6)=0,"-",VLOOKUP($B39,casostestes[#Data],6)),"-") -> - | I39: =IFERROR(IF(VLOOKUP($B39,casostestes[#Data],8)=0,"-",VLOOKUP($B39,casostestes[#Data],8)),"-") -> - | J39: =IFERROR(IF(VLOOKUP($B39,casostestes[#Data],9)=0,"-",VLOOKUP($B39,casostestes[#Data],9)),"-") -> - | K39: =IFERROR(IF(VLOOKUP($B39,orlando[#Data],12)=0,"Não executado",VLOOKUP($B39,orlando[#Data],12)),"Não executado") -> Não executado | L39: =IFERROR(IF(VLOOKUP($B39,mauricio[#Data],12)=0,"Não executado",VLOOKUP($B39,mauricio[#Data],12)),"Não executado") -> Não executado | M39: =IFERROR(IF(VLOOKUP($B39,Thaisa[#Data],12)=0,"Não executado",VLOOKUP($B39,Thaisa[#Data],12)),"Não executado") -> Não executado | N39: =IFERROR(IF(VLOOKUP($B39,carlos[#Data],12)=0,"Não executado",VLOOKUP($B39,carlos[#Data],12)),"Não executado") -> Não executado | O39: =IFERROR(IF(VLOOKUP($B39,Alessandra[#Data],12)=0,"Não executado",VLOOKUP($B39,Alessandra[#Data],12)),"Não executado") -> Não executado | P39: =IFERROR(IF(VLOOKUP($B39,AnaCarolina[#Data],12)=0,"Não executado",VLOOKUP($B39,AnaCarolina[#Data],12)),"Não executado") -> Não executado | Q39: =IFERROR(IF(VLOOKUP($B39,wanei[#Data],12)=0,"Não executado",VLOOKUP($B39,wanei[#Data],12)),"Não executado") -> Não executado | R39: =IFERROR(IF(VLOOKUP($B39,janaina[#Data],12)=0,"Não executado",VLOOKUP($B39,janaina[#Data],12)),"Não executado") -> Não executado | S39: =IFERROR(IF(VLOOKUP($B39,andreia[#Data],12)=0,"Não executado",VLOOKUP($B39,andreia[#Data],12)),"Não executado") -> Não executado | T39: =IFERROR(IF(VLOOKUP($B22,homologador[#Data],12)=0,"Não executado",VLOOKUP($B22,homologador[#Data],12)),"Não executado") -> Não executado
B40: =IF(ISERR(casostestes[[#This Row],[ID]]),"-",casostestes[[#This Row],[ID]]) -> - | C40: =IFERROR(IF(VLOOKUP($B40,casostestes[#Data],10)=0,"Não",VLOOKUP($B40,casostestes[#Data],10)), "-") -> - | D40: =IFERROR(IF(VLOOKUP($B40,casostestes[#Data],2)=0,"-",VLOOKUP($B40,casostestes[#Data],2)), "-") -> - | E40: =IFERROR(IF(VLOOKUP($B40,casostestes[#Data],3)=0,"-",VLOOKUP($B40,casostestes[#Data],3)), "-") -> - | F40: =IFERROR(IF(VLOOKUP($B40,casostestes[#Data],4)=0,"-",VLOOKUP($B40,casostestes[#Data],4)),"-") -> - | G40: =IFERROR(IF(VLOOKUP($B40,casostestes[#Data],5)=0,"-",VLOOKUP($B40,casostestes[#Data],5)),"-") -> - | H40: =IFERROR(IF(VLOOKUP($B40,casostestes[#Data],6)=0,"-",VLOOKUP($B40,casostestes[#Data],6)),"-") -> - | I40: =IFERROR(IF(VLOOKUP($B40,casostestes[#Data],8)=0,"-",VLOOKUP($B40,casostestes[#Data],8)),"-") -> - | J40: =IFERROR(IF(VLOOKUP($B40,casostestes[#Data],9)=0,"-",VLOOKUP($B40,casostestes[#Data],9)),"-") -> - | K40: =IFERROR(IF(VLOOKUP($B40,orlando[#Data],12)=0,"Não executado",VLOOKUP($B40,orlando[#Data],12)),"Não executado") -> Não executado | L40: =IFERROR(IF(VLOOKUP($B40,mauricio[#Data],12)=0,"Não executado",VLOOKUP($B40,mauricio[#Data],12)),"Não executado") -> Não executado | M40: =IFERROR(IF(VLOOKUP($B40,Thaisa[#Data],12)=0,"Não executado",VLOOKUP($B40,Thaisa[#Data],12)),"Não executado") -> Não executado | N40: =IFERROR(IF(VLOOKUP($B40,carlos[#Data],12)=0,"Não executado",VLOOKUP($B40,carlos[#Data],12)),"Não executado") -> Não executado | O40: =IFERROR(IF(VLOOKUP($B40,Alessandra[#Data],12)=0,"Não executado",VLOOKUP($B40,Alessandra[#Data],12)),"Não executado") -> Não executado | P40: =IFERROR(IF(VLOOKUP($B40,AnaCarolina[#Data],12)=0,"Não executado",VLOOKUP($B40,AnaCarolina[#Data],12)),"Não executado") -> Não executado | Q40: =IFERROR(IF(VLOOKUP($B40,wanei[#Data],12)=0,"Não executado",VLOOKUP($B40,wanei[#Data],12)),"Não executado") -> Não executado | R40: =IFERROR(IF(VLOOKUP($B40,janaina[#Data],12)=0,"Não executado",VLOOKUP($B40,janaina[#Data],12)),"Não executado") -> Não executado | S40: =IFERROR(IF(VLOOKUP($B23,andreia[#Data],12)=0,"Não executado",VLOOKUP($B23,andreia[#Data],12)),"Não executado") -> Não executado | T40: =IFERROR(IF(VLOOKUP($B23,homologador[#Data],12)=0,"Não executado",VLOOKUP($B23,homologador[#Data],12)),"Não executado") -> Não executado
B41: =IF(ISERR(casostestes[[#This Row],[ID]]),"-",casostestes[[#This Row],[ID]]) -> - | C41: =IFERROR(IF(VLOOKUP($B41,casostestes[#Data],10)=0,"Não",VLOOKUP($B41,casostestes[#Data],10)), "-") -> - | D41: =IFERROR(IF(VLOOKUP($B41,casostestes[#Data],2)=0,"-",VLOOKUP($B41,casostestes[#Data],2)), "-") -> - | E41: =IFERROR(IF(VLOOKUP($B41,casostestes[#Data],3)=0,"-",VLOOKUP($B41,casostestes[#Data],3)), "-") -> - | F41: =IFERROR(IF(VLOOKUP($B41,casostestes[#Data],4)=0,"-",VLOOKUP($B41,casostestes[#Data],4)),"-") -> - | G41: =IFERROR(IF(VLOOKUP($B41,casostestes[#Data],5)=0,"-",VLOOKUP($B41,casostestes[#Data],5)),"-") -> - | H41: =IFERROR(IF(VLOOKUP($B41,casostestes[#Data],6)=0,"-",VLOOKUP($B41,casostestes[#Data],6)),"-") -> - | I41: =IFERROR(IF(VLOOKUP($B41,casostestes[#Data],8)=0,"-",VLOOKUP($B41,casostestes[#Data],8)),"-") -> - | J41: =IFERROR(IF(VLOOKUP($B41,casostestes[#Data],9)=0,"-",VLOOKUP($B41,casostestes[#Data],9)),"-") -> - | K41: =IFERROR(IF(VLOOKUP($B41,orlando[#Data],12)=0,"Não executado",VLOOKUP($B41,orlando[#Data],12)),"Não executado") -> Não executado | L41: =IFERROR(IF(VLOOKUP($B41,mauricio[#Data],12)=0,"Não executado",VLOOKUP($B41,mauricio[#Data],12)),"Não executado") -> Não executado | M41: =IFERROR(IF(VLOOKUP($B41,Thaisa[#Data],12)=0,"Não executado",VLOOKUP($B41,Thaisa[#Data],12)),"Não executado") -> Não executado | N41: =IFERROR(IF(VLOOKUP($B41,carlos[#Data],12)=0,"Não executado",VLOOKUP($B41,carlos[#Data],12)),"Não executado") -> Não executado | O41: =IFERROR(IF(VLOOKUP($B41,Alessandra[#Data],12)=0,"Não executado",VLOOKUP($B41,Alessandra[#Data],12)),"Não executado") -> Não executado | P41: =IFERROR(IF(VLOOKUP($B41,AnaCarolina[#Data],12)=0,"Não executado",VLOOKUP($B41,AnaCarolina[#Data],12)),"Não executado") -> Não executado | Q41: =IFERROR(IF(VLOOKUP($B41,wanei[#Data],12)=0,"Não executado",VLOOKUP($B41,wanei[#Data],12)),"Não executado") -> Não executado | R41: =IFERROR(IF(VLOOKUP($B41,janaina[#Data],12)=0,"Não executado",VLOOKUP($B41,janaina[#Data],12)),"Não executado") -> Não executado | S41: =IFERROR(IF(VLOOKUP($B24,andreia[#Data],12)=0,"Não executado",VLOOKUP($B24,andreia[#Data],12)),"Não executado") -> Disponível para reteste | T41: =IFERROR(IF(VLOOKUP($B24,homologador[#Data],12)=0,"Não executado",VLOOKUP($B24,homologador[#Data],12)),"Não executado") -> Não executado
B42: =IF(ISERR(casostestes[[#This Row],[ID]]),"-",casostestes[[#This Row],[ID]]) -> - | C42: =IFERROR(IF(VLOOKUP($B42,casostestes[#Data],10)=0,"Não",VLOOKUP($B42,casostestes[#Data],10)), "-") -> - | D42: =IFERROR(IF(VLOOKUP($B42,casostestes[#Data],2)=0,"-",VLOOKUP($B42,casostestes[#Data],2)), "-") -> - | E42: =IFERROR(IF(VLOOKUP($B42,casostestes[#Data],3)=0,"-",VLOOKUP($B42,casostestes[#Data],3)), "-") -> - | F42: =IFERROR(IF(VLOOKUP($B42,casostestes[#Data],4)=0,"-",VLOOKUP($B42,casostestes[#Data],4)),"-") -> - | G42: =IFERROR(IF(VLOOKUP($B42,casostestes[#Data],5)=0,"-",VLOOKUP($B42,casostestes[#Data],5)),"-") -> - | H42: =IFERROR(IF(VLOOKUP($B42,casostestes[#Data],6)=0,"-",VLOOKUP($B42,casostestes[#Data],6)),"-") -> - | I42: =IFERROR(IF(VLOOKUP($B42,casostestes[#Data],8)=0,"-",VLOOKUP($B42,casostestes[#Data],8)),"-") -> - | J42: =IFERROR(IF(VLOOKUP($B42,casostestes[#Data],9)=0,"-",VLOOKUP($B42,casostestes[#Data],9)),"-") -> - | K42: =IFERROR(IF(VLOOKUP($B42,orlando[#Data],12)=0,"Não executado",VLOOKUP($B42,orlando[#Data],12)),"Não executado") -> Não executado | L42: =IFERROR(IF(VLOOKUP($B42,mauricio[#Data],12)=0,"Não executado",VLOOKUP($B42,mauricio[#Data],12)),"Não executado") -> Não executado | M42: =IFERROR(IF(VLOOKUP($B42,Thaisa[#Data],12)=0,"Não executado",VLOOKUP($B42,Thaisa[#Data],12)),"Não executado") -> Não executado | N42: =IFERROR(IF(VLOOKUP($B42,carlos[#Data],12)=0,"Não executado",VLOOKUP($B42,carlos[#Data],12)),"Não executado") -> Não executado | O42: =IFERROR(IF(VLOOKUP($B42,Alessandra[#Data],12)=0,"Não executado",VLOOKUP($B42,Alessandra[#Data],12)),"Não executado") -> Não executado | P42: =IFERROR(IF(VLOOKUP($B42,AnaCarolina[#Data],12)=0,"Não executado",VLOOKUP($B42,AnaCarolina[#Data],12)),"Não executado") -> Não executado | Q42: =IFERROR(IF(VLOOKUP($B42,wanei[#Data],12)=0,"Não executado",VLOOKUP($B42,wanei[#Data],12)),"Não executado") -> Não executado | R42: =IFERROR(IF(VLOOKUP($B42,janaina[#Data],12)=0,"Não executado",VLOOKUP($B42,janaina[#Data],12)),"Não executado") -> Não executado | S42: =IFERROR(IF(VLOOKUP($B25,andreia[#Data],12)=0,"Não executado",VLOOKUP($B25,andreia[#Data],12)),"Não executado") -> Disponível para reteste | T42: =IFERROR(IF(VLOOKUP($B25,homologador[#Data],12)=0,"Não executado",VLOOKUP($B25,homologador[#Data],12)),"Não executado") -> Não executado
B43: =IF(ISERR(casostestes[[#This Row],[ID]]),"-",casostestes[[#This Row],[ID]]) -> - | C43: =IFERROR(IF(VLOOKUP($B43,casostestes[#Data],10)=0,"Não",VLOOKUP($B43,casostestes[#Data],10)), "-") -> - | D43: =IFERROR(IF(VLOOKUP($B43,casostestes[#Data],2)=0,"-",VLOOKUP($B43,casostestes[#Data],2)), "-") -> - | E43: =IFERROR(IF(VLOOKUP($B43,casostestes[#Data],3)=0,"-",VLOOKUP($B43,casostestes[#Data],3)), "-") -> - | F43: =IFERROR(IF(VLOOKUP($B43,casostestes[#Data],4)=0,"-",VLOOKUP($B43,casostestes[#Data],4)),"-") -> - | G43: =IFERROR(IF(VLOOKUP($B43,casostestes[#Data],5)=0,"-",VLOOKUP($B43,casostestes[#Data],5)),"-") -> - | H43: =IFERROR(IF(VLOOKUP($B43,casostestes[#Data],6)=0,"-",VLOOKUP($B43,casostestes[#Data],6)),"-") -> - | I43: =IFERROR(IF(VLOOKUP($B43,casostestes[#Data],8)=0,"-",VLOOKUP($B43,casostestes[#Data],8)),"-") -> - | J43: =IFERROR(IF(VLOOKUP($B43,casostestes[#Data],9)=0,"-",VLOOKUP($B43,casostestes[#Data],9)),"-") -> - | K43: =IFERROR(IF(VLOOKUP($B43,orlando[#Data],12)=0,"Não executado",VLOOKUP($B43,orlando[#Data],12)),"Não executado") -> Não executado | L43: =IFERROR(IF(VLOOKUP($B43,mauricio[#Data],12)=0,"Não executado",VLOOKUP($B43,mauricio[#Data],12)),"Não executado") -> Não executado | M43: =IFERROR(IF(VLOOKUP($B43,Thaisa[#Data],12)=0,"Não executado",VLOOKUP($B43,Thaisa[#Data],12)),"Não executado") -> Não executado | N43: =IFERROR(IF(VLOOKUP($B43,carlos[#Data],12)=0,"Não executado",VLOOKUP($B43,carlos[#Data],12)),"Não executado") -> Não executado | O43: =IFERROR(IF(VLOOKUP($B43,Alessandra[#Data],12)=0,"Não executado",VLOOKUP($B43,Alessandra[#Data],12)),"Não executado") -> Não executado | P43: =IFERROR(IF(VLOOKUP($B43,AnaCarolina[#Data],12)=0,"Não executado",VLOOKUP($B43,AnaCarolina[#Data],12)),"Não executado") -> Não executado | Q43: =IFERROR(IF(VLOOKUP($B43,wanei[#Data],12)=0,"Não executado",VLOOKUP($B43,wanei[#Data],12)),"Não executado") -> Não executado | R43: =IFERROR(IF(VLOOKUP($B43,janaina[#Data],12)=0,"Não executado",VLOOKUP($B43,janaina[#Data],12)),"Não executado") -> Não executado | S43: =IFERROR(IF(VLOOKUP($B26,andreia[#Data],12)=0,"Não executado",VLOOKUP($B26,andreia[#Data],12)),"Não executado") -> Não executado | T43: =IFERROR(IF(VLOOKUP($B26,homologador[#Data],12)=0,"Não executado",VLOOKUP($B26,homologador[#Data],12)),"Não executado") -> Não executado
B44: =IF(ISERR(casostestes[[#This Row],[ID]]),"-",casostestes[[#This Row],[ID]]) -> - | C44: =IFERROR(IF(VLOOKUP($B44,casostestes[#Data],10)=0,"Não",VLOOKUP($B44,casostestes[#Data],10)), "-") -> - | D44: =IFERROR(IF(VLOOKUP($B44,casostestes[#Data],2)=0,"-",VLOOKUP($B44,casostestes[#Data],2)), "-") -> - | E44: =IFERROR(IF(VLOOKUP($B44,casostestes[#Data],3)=0,"-",VLOOKUP($B44,casostestes[#Data],3)), "-") -> - | F44: =IFERROR(IF(VLOOKUP($B44,casostestes[#Data],4)=0,"-",VLOOKUP($B44,casostestes[#Data],4)),"-") -> - | G44: =IFERROR(IF(VLOOKUP($B44,casostestes[#Data],5)=0,"-",VLOOKUP($B44,casostestes[#Data],5)),"-") -> - | H44: =IFERROR(IF(VLOOKUP($B44,casostestes[#Data],6)=0,"-",VLOOKUP($B44,casostestes[#Data],6)),"-") -> - | I44: =IFERROR(IF(VLOOKUP($B44,casostestes[#Data],8)=0,"-",VLOOKUP($B44,casostestes[#Data],8)),"-") -> - | J44: =IFERROR(IF(VLOOKUP($B44,casostestes[#Data],9)=0,"-",VLOOKUP($B44,casostestes[#Data],9)),"-") -> - | K44: =IFERROR(IF(VLOOKUP($B44,orlando[#Data],12)=0,"Não executado",VLOOKUP($B44,orlando[#Data],12)),"Não executado") -> Não executado | L44: =IFERROR(IF(VLOOKUP($B44,mauricio[#Data],12)=0,"Não executado",VLOOKUP($B44,mauricio[#Data],12)),"Não executado") -> Não executado | M44: =IFERROR(IF(VLOOKUP($B44,Thaisa[#Data],12)=0,"Não executado",VLOOKUP($B44,Thaisa[#Data],12)),"Não executado") -> Não executado | N44: =IFERROR(IF(VLOOKUP($B44,carlos[#Data],12)=0,"Não executado",VLOOKUP($B44,carlos[#Data],12)),"Não executado") -> Não executado | O44: =IFERROR(IF(VLOOKUP($B44,Alessandra[#Data],12)=0,"Não executado",VLOOKUP($B44,Alessandra[#Data],12)),"Não executado") -> Não executado | P44: =IFERROR(IF(VLOOKUP($B44,AnaCarolina[#Data],12)=0,"Não executado",VLOOKUP($B44,AnaCarolina[#Data],12)),"Não executado") -> Não executado | Q44: =IFERROR(IF(VLOOKUP($B44,wanei[#Data],12)=0,"Não executado",VLOOKUP($B44,wanei[#Data],12)),"Não executado") -> Não executado | R44: =IFERROR(IF(VLOOKUP($B44,janaina[#Data],12)=0,"Não executado",VLOOKUP($B44,janaina[#Data],12)),"Não executado") -> Não executado | S44: =IFERROR(IF(VLOOKUP($B27,andreia[#Data],12)=0,"Não executado",VLOOKUP($B27,andreia[#Data],12)),"Não executado") -> Não executado | T44: =IFERROR(IF(VLOOKUP($B27,homologador[#Data],12)=0,"Não executado",VLOOKUP($B27,homologador[#Data],12)),"Não executado") -> Não executado
B45: =IF(ISERR(casostestes[[#This Row],[ID]]),"-",casostestes[[#This Row],[ID]]) -> - | C45: =IFERROR(IF(VLOOKUP($B45,casostestes[#Data],10)=0,"Não",VLOOKUP($B45,casostestes[#Data],10)), "-") -> - | D45: =IFERROR(IF(VLOOKUP($B45,casostestes[#Data],2)=0,"-",VLOOKUP($B45,casostestes[#Data],2)), "-") -> - | E45: =IFERROR(IF(VLOOKUP($B45,casostestes[#Data],3)=0,"-",VLOOKUP($B45,casostestes[#Data],3)), "-") -> - | F45: =IFERROR(IF(VLOOKUP($B45,casostestes[#Data],4)=0,"-",VLOOKUP($B45,casostestes[#Data],4)),"-") -> - | G45: =IFERROR(IF(VLOOKUP($B45,casostestes[#Data],5)=0,"-",VLOOKUP($B45,casostestes[#Data],5)),"-") -> - | H45: =IFERROR(IF(VLOOKUP($B45,casostestes[#Data],6)=0,"-",VLOOKUP($B45,casostestes[#Data],6)),"-") -> - | I45: =IFERROR(IF(VLOOKUP($B45,casostestes[#Data],8)=0,"-",VLOOKUP($B45,casostestes[#Data],8)),"-") -> - | J45: =IFERROR(IF(VLOOKUP($B45,casostestes[#Data],9)=0,"-",VLOOKUP($B45,casostestes[#Data],9)),"-") -> - | K45: =IFERROR(IF(VLOOKUP($B45,orlando[#Data],12)=0,"Não executado",VLOOKUP($B45,orlando[#Data],12)),"Não executado") -> Não executado | L45: =IFERROR(IF(VLOOKUP($B45,mauricio[#Data],12)=0,"Não executado",VLOOKUP($B45,mauricio[#Data],12)),"Não executado") -> Não executado | M45: =IFERROR(IF(VLOOKUP($B45,Thaisa[#Data],12)=0,"Não executado",VLOOKUP($B45,Thaisa[#Data],12)),"Não executado") -> Não executado | N45: =IFERROR(IF(VLOOKUP($B45,carlos[#Data],12)=0,"Não executado",VLOOKUP($B45,carlos[#Data],12)),"Não executado") -> Não executado | O45: =IFERROR(IF(VLOOKUP($B45,Alessandra[#Data],12)=0,"Não executado",VLOOKUP($B45,Alessandra[#Data],12)),"Não executado") -> Não executado | P45: =IFERROR(IF(VLOOKUP($B45,AnaCarolina[#Data],12)=0,"Não executado",VLOOKUP($B45,AnaCarolina[#Data],12)),"Não executado") -> Não executado | Q45: =IFERROR(IF(VLOOKUP($B45,wanei[#Data],12)=0,"Não executado",VLOOKUP($B45,wanei[#Data],12)),"Não executado") -> Não executado | R45: =IFERROR(IF(VLOOKUP($B45,janaina[#Data],12)=0,"Não executado",VLOOKUP($B45,janaina[#Data],12)),"Não executado") -> Não executado | S45: =IFERROR(IF(VLOOKUP($B28,andreia[#Data],12)=0,"Não executado",VLOOKUP($B28,andreia[#Data],12)),"Não executado") -> Não executado | T45: =IFERROR(IF(VLOOKUP($B28,homologador[#Data],12)=0,"Não executado",VLOOKUP($B28,homologador[#Data],12)),"Não executado") -> Não executado
B46: =IF(ISERR(casostestes[[#This Row],[ID]]),"-",casostestes[[#This Row],[ID]]) -> - | C46: =IFERROR(IF(VLOOKUP($B46,casostestes[#Data],10)=0,"Não",VLOOKUP($B46,casostestes[#Data],10)), "-") -> - | D46: =IFERROR(IF(VLOOKUP($B46,casostestes[#Data],2)=0,"-",VLOOKUP($B46,casostestes[#Data],2)), "-") -> - | E46: =IFERROR(IF(VLOOKUP($B46,casostestes[#Data],3)=0,"-",VLOOKUP($B46,casostestes[#Data],3)), "-") -> - | F46: =IFERROR(IF(VLOOKUP($B46,casostestes[#Data],4)=0,"-",VLOOKUP($B46,casostestes[#Data],4)),"-") -> - | G46: =IFERROR(IF(VLOOKUP($B46,casostestes[#Data],5)=0,"-",VLOOKUP($B46,casostestes[#Data],5)),"-") -> - | H46: =IFERROR(IF(VLOOKUP($B46,casostestes[#Data],6)=0,"-",VLOOKUP($B46,casostestes[#Data],6)),"-") -> - | I46: =IFERROR(IF(VLOOKUP($B46,casostestes[#Data],8)=0,"-",VLOOKUP($B46,casostestes[#Data],8)),"-") -> - | J46: =IFERROR(IF(VLOOKUP($B46,casostestes[#Data],9)=0,"-",VLOOKUP($B46,casostestes[#Data],9)),"-") -> - | K46: =IFERROR(IF(VLOOKUP($B46,orlando[#Data],12)=0,"Não executado",VLOOKUP($B46,orlando[#Data],12)),"Não executado") -> Não executado | L46: =IFERROR(IF(VLOOKUP($B46,mauricio[#Data],12)=0,"Não executado",VLOOKUP($B46,mauricio[#Data],12)),"Não executado") -> Não executado | M46: =IFERROR(IF(VLOOKUP($B46,Thaisa[#Data],12)=0,"Não executado",VLOOKUP($B46,Thaisa[#Data],12)),"Não executado") -> Não executado | N46: =IFERROR(IF(VLOOKUP($B46,carlos[#Data],12)=0,"Não executado",VLOOKUP($B46,carlos[#Data],12)),"Não executado") -> Não executado | O46: =IFERROR(IF(VLOOKUP($B46,Alessandra[#Data],12)=0,"Não executado",VLOOKUP($B46,Alessandra[#Data],12)),"Não executado") -> Não executado | P46: =IFERROR(IF(VLOOKUP($B46,AnaCarolina[#Data],12)=0,"Não executado",VLOOKUP($B46,AnaCarolina[#Data],12)),"Não executado") -> Não executado | Q46: =IFERROR(IF(VLOOKUP($B46,wanei[#Data],12)=0,"Não executado",VLOOKUP($B46,wanei[#Data],12)),"Não executado") -> Não executado | R46: =IFERROR(IF(VLOOKUP($B46,janaina[#Data],12)=0,"Não executado",VLOOKUP($B46,janaina[#Data],12)),"Não executado") -> Não executado | S46: =IFERROR(IF(VLOOKUP($B29,andreia[#Data],12)=0,"Não executado",VLOOKUP($B29,andreia[#Data],12)),"Não executado") -> Não executado | T46: =IFERROR(IF(VLOOKUP($B29,homologador[#Data],12)=0,"Não executado",VLOOKUP($B29,homologador[#Data],12)),"Não executado") -> Não executado
B47: =IF(ISERR(casostestes[[#This Row],[ID]]),"-",casostestes[[#This Row],[ID]]) -> - | C47: =IFERROR(IF(VLOOKUP($B47,casostestes[#Data],10)=0,"Não",VLOOKUP($B47,casostestes[#Data],10)), "-") -> - | D47: =IFERROR(IF(VLOOKUP($B47,casostestes[#Data],2)=0,"-",VLOOKUP($B47,casostestes[#Data],2)), "-") -> - | E47: =IFERROR(IF(VLOOKUP($B47,casostestes[#Data],3)=0,"-",VLOOKUP($B47,casostestes[#Data],3)), "-") -> - | F47: =IFERROR(IF(VLOOKUP($B47,casostestes[#Data],4)=0,"-",VLOOKUP($B47,casostestes[#Data],4)),"-") -> - | G47: =IFERROR(IF(VLOOKUP($B47,casostestes[#Data],5)=0,"-",VLOOKUP($B47,casostestes[#Data],5)),"-") -> - | H47: =IFERROR(IF(VLOOKUP($B47,casostestes[#Data],6)=0,"-",VLOOKUP($B47,casostestes[#Data],6)),"-") -> - | I47: =IFERROR(IF(VLOOKUP($B47,casostestes[#Data],8)=0,"-",VLOOKUP($B47,casostestes[#Data],8)),"-") -> - | J47: =IFERROR(IF(VLOOKUP($B47,casostestes[#Data],9)=0,"-",VLOOKUP($B47,casostestes[#Data],9)),"-") -> - | K47: =IFERROR(IF(VLOOKUP($B47,orlando[#Data],12)=0,"Não executado",VLOOKUP($B47,orlando[#Data],12)),"Não executado") -> Não executado | L47: =IFERROR(IF(VLOOKUP($B47,mauricio[#Data],12)=0,"Não executado",VLOOKUP($B47,mauricio[#Data],12)),"Não executado") -> Não executado | M47: =IFERROR(IF(VLOOKUP($B47,Thaisa[#Data],12)=0,"Não executado",VLOOKUP($B47,Thaisa[#Data],12)),"Não executado") -> Não executado | N47: =IFERROR(IF(VLOOKUP($B47,carlos[#Data],12)=0,"Não executado",VLOOKUP($B47,carlos[#Data],12)),"Não executado") -> Não executado | O47: =IFERROR(IF(VLOOKUP($B47,Alessandra[#Data],12)=0,"Não executado",VLOOKUP($B47,Alessandra[#Data],12)),"Não executado") -> Não executado | P47: =IFERROR(IF(VLOOKUP($B47,AnaCarolina[#Data],12)=0,"Não executado",VLOOKUP($B47,AnaCarolina[#Data],12)),"Não executado") -> Não executado | Q47: =IFERROR(IF(VLOOKUP($B47,wanei[#Data],12)=0,"Não executado",VLOOKUP($B47,wanei[#Data],12)),"Não executado") -> Não executado | R47: =IFERROR(IF(VLOOKUP($B47,janaina[#Data],12)=0,"Não executado",VLOOKUP($B47,janaina[#Data],12)),"Não executado") -> Não executado | S47: =IFERROR(IF(VLOOKUP($B30,andreia[#Data],12)=0,"Não executado",VLOOKUP($B30,andreia[#Data],12)),"Não executado") -> Não executado | T47: =IFERROR(IF(VLOOKUP($B30,homologador[#Data],12)=0,"Não executado",VLOOKUP($B30,homologador[#Data],12)),"Não executado") -> Não executado
B48: =IF(ISERR(casostestes[[#This Row],[ID]]),"-",casostestes[[#This Row],[ID]]) -> - | C48: =IFERROR(IF(VLOOKUP($B48,casostestes[#Data],10)=0,"Não",VLOOKUP($B48,casostestes[#Data],10)), "-") -> - | D48: =IFERROR(IF(VLOOKUP($B48,casostestes[#Data],2)=0,"-",VLOOKUP($B48,casostestes[#Data],2)), "-") -> - | E48: =IFERROR(IF(VLOOKUP($B48,casostestes[#Data],3)=0,"-",VLOOKUP($B48,casostestes[#Data],3)), "-") -> - | F48: =IFERROR(IF(VLOOKUP($B48,casostestes[#Data],4)=0,"-",VLOOKUP($B48,casostestes[#Data],4)),"-") -> - | G48: =IFERROR(IF(VLOOKUP($B48,casostestes[#Data],5)=0,"-",VLOOKUP($B48,casostestes[#Data],5)),"-") -> - | H48: =IFERROR(IF(VLOOKUP($B48,casostestes[#Data],6)=0,"-",VLOOKUP($B48,casostestes[#Data],6)),"-") -> - | I48: =IFERROR(IF(VLOOKUP($B48,casostestes[#Data],8)=0,"-",VLOOKUP($B48,casostestes[#Data],8)),"-") -> - | J48: =IFERROR(IF(VLOOKUP($B48,casostestes[#Data],9)=0,"-",VLOOKUP($B48,casostestes[#Data],9)),"-") -> - | K48: =IFERROR(IF(VLOOKUP($B48,orlando[#Data],12)=0,"Não executado",VLOOKUP($B48,orlando[#Data],12)),"Não executado") -> Não executado | L48: =IFERROR(IF(VLOOKUP($B48,mauricio[#Data],12)=0,"Não executado",VLOOKUP($B48,mauricio[#Data],12)),"Não executado") -> Não executado | M48: =IFERROR(IF(VLOOKUP($B48,Thaisa[#Data],12)=0,"Não executado",VLOOKUP($B48,Thaisa[#Data],12)),"Não executado") -> Não executado | N48: =IFERROR(IF(VLOOKUP($B48,carlos[#Data],12)=0,"Não executado",VLOOKUP($B48,carlos[#Data],12)),"Não executado") -> Não executado | O48: =IFERROR(IF(VLOOKUP($B48,Alessandra[#Data],12)=0,"Não executado",VLOOKUP($B48,Alessandra[#Data],12)),"Não executado") -> Não executado | P48: =IFERROR(IF(VLOOKUP($B48,AnaCarolina[#Data],12)=0,"Não executado",VLOOKUP($B48,AnaCarolina[#Data],12)),"Não executado") -> Não executado | Q48: =IFERROR(IF(VLOOKUP($B48,wanei[#Data],12)=0,"Não executado",VLOOKUP($B48,wanei[#Data],12)),"Não executado") -> Não executado | R48: =IFERROR(IF(VLOOKUP($B48,janaina[#Data],12)=0,"Não executado",VLOOKUP($B48,janaina[#Data],12)),"Não executado") -> Não executado | S48: =IFERROR(IF(VLOOKUP($B31,andreia[#Data],12)=0,"Não executado",VLOOKUP($B31,andreia[#Data],12)),"Não executado") -> Não executado | T48: =IFERROR(IF(VLOOKUP($B31,homologador[#Data],12)=0,"Não executado",VLOOKUP($B31,homologador[#Data],12)),"Não executado") -> Não executado
B49: =IF(ISERR(casostestes[[#This Row],[ID]]),"-",casostestes[[#This Row],[ID]]) -> - | C49: =IFERROR(IF(VLOOKUP($B49,casostestes[#Data],10)=0,"Não",VLOOKUP($B49,casostestes[#Data],10)), "-") -> - | D49: =IFERROR(IF(VLOOKUP($B49,casostestes[#Data],2)=0,"-",VLOOKUP($B49,casostestes[#Data],2)), "-") -> - | E49: =IFERROR(IF(VLOOKUP($B49,casostestes[#Data],3)=0,"-",VLOOKUP($B49,casostestes[#Data],3)), "-") -> - | F49: =IFERROR(IF(VLOOKUP($B49,casostestes[#Data],4)=0,"-",VLOOKUP($B49,casostestes[#Data],4)),"-") -> - | G49: =IFERROR(IF(VLOOKUP($B49,casostestes[#Data],5)=0,"-",VLOOKUP($B49,casostestes[#Data],5)),"-") -> - | H49: =IFERROR(IF(VLOOKUP($B49,casostestes[#Data],6)=0,"-",VLOOKUP($B49,casostestes[#Data],6)),"-") -> - | I49: =IFERROR(IF(VLOOKUP($B49,casostestes[#Data],8)=0,"-",VLOOKUP($B49,casostestes[#Data],8)),"-") -> - | J49: =IFERROR(IF(VLOOKUP($B49,casostestes[#Data],9)=0,"-",VLOOKUP($B49,casostestes[#Data],9)),"-") -> - | K49: =IFERROR(IF(VLOOKUP($B49,orlando[#Data],12)=0,"Não executado",VLOOKUP($B49,orlando[#Data],12)),"Não executado") -> Não executado | L49: =IFERROR(IF(VLOOKUP($B49,mauricio[#Data],12)=0,"Não executado",VLOOKUP($B49,mauricio[#Data],12)),"Não executado") -> Não executado | M49: =IFERROR(IF(VLOOKUP($B49,Thaisa[#Data],12)=0,"Não executado",VLOOKUP($B49,Thaisa[#Data],12)),"Não executado") -> Não executado | N49: =IFERROR(IF(VLOOKUP($B49,carlos[#Data],12)=0,"Não executado",VLOOKUP($B49,carlos[#Data],12)),"Não executado") -> Não executado | O49: =IFERROR(IF(VLOOKUP($B49,Alessandra[#Data],12)=0,"Não executado",VLOOKUP($B49,Alessandra[#Data],12)),"Não executado") -> Não executado | P49: =IFERROR(IF(VLOOKUP($B49,AnaCarolina[#Data],12)=0,"Não executado",VLOOKUP($B49,AnaCarolina[#Data],12)),"Não executado") -> Não executado | Q49: =IFERROR(IF(VLOOKUP($B49,wanei[#Data],12)=0,"Não executado",VLOOKUP($B49,wanei[#Data],12)),"Não executado") -> Não executado | R49: =IFERROR(IF(VLOOKUP($B49,janaina[#Data],12)=0,"Não executado",VLOOKUP($B49,janaina[#Data],12)),"Não executado") -> Não executado | S49: =IFERROR(IF(VLOOKUP($B32,andreia[#Data],12)=0,"Não executado",VLOOKUP($B32,andreia[#Data],12)),"Não executado") -> Não executado | T49: =IFERROR(IF(VLOOKUP($B32,homologador[#Data],12)=0,"Não executado",VLOOKUP($B32,homologador[#Data],12)),"Não executado") -> Não executado
B50: =IF(ISERR(casostestes[[#This Row],[ID]]),"-",casostestes[[#This Row],[ID]]) -> - | C50: =IFERROR(IF(VLOOKUP($B50,casostestes[#Data],10)=0,"Não",VLOOKUP($B50,casostestes[#Data],10)), "-") -> - | D50: =IFERROR(IF(VLOOKUP($B50,casostestes[#Data],2)=0,"-",VLOOKUP($B50,casostestes[#Data],2)), "-") -> - | E50: =IFERROR(IF(VLOOKUP($B50,casostestes[#Data],3)=0,"-",VLOOKUP($B50,casostestes[#Data],3)), "-") -> - | F50: =IFERROR(IF(VLOOKUP($B50,casostestes[#Data],4)=0,"-",VLOOKUP($B50,casostestes[#Data],4)),"-") -> - | G50: =IFERROR(IF(VLOOKUP($B50,casostestes[#Data],5)=0,"-",VLOOKUP($B50,casostestes[#Data],5)),"-") -> - | H50: =IFERROR(IF(VLOOKUP($B50,casostestes[#Data],6)=0,"-",VLOOKUP($B50,casostestes[#Data],6)),"-") -> - | I50: =IFERROR(IF(VLOOKUP($B50,casostestes[#Data],8)=0,"-",VLOOKUP($B50,casostestes[#Data],8)),"-") -> - | J50: =IFERROR(IF(VLOOKUP($B50,casostestes[#Data],9)=0,"-",VLOOKUP($B50,casostestes[#Data],9)),"-") -> - | K50: =IFERROR(IF(VLOOKUP($B50,orlando[#Data],12)=0,"Não executado",VLOOKUP($B50,orlando[#Data],12)),"Não executado") -> Não executado | L50: =IFERROR(IF(VLOOKUP($B50,mauricio[#Data],12)=0,"Não executado",VLOOKUP($B50,mauricio[#Data],12)),"Não executado") -> Não executado | M50: =IFERROR(IF(VLOOKUP($B50,Thaisa[#Data],12)=0,"Não executado",VLOOKUP($B50,Thaisa[#Data],12)),"Não executado") -> Não executado | N50: =IFERROR(IF(VLOOKUP($B50,carlos[#Data],12)=0,"Não executado",VLOOKUP($B50,carlos[#Data],12)),"Não executado") -> Não executado | O50: =IFERROR(IF(VLOOKUP($B50,Alessandra[#Data],12)=0,"Não executado",VLOOKUP($B50,Alessandra[#Data],12)),"Não executado") -> Não executado | P50: =IFERROR(IF(VLOOKUP($B50,AnaCarolina[#Data],12)=0,"Não executado",VLOOKUP($B50,AnaCarolina[#Data],12)),"Não executado") -> Não executado | Q50: =IFERROR(IF(VLOOKUP($B50,wanei[#Data],12)=0,"Não executado",VLOOKUP($B50,wanei[#Data],12)),"Não executado") -> Não executado | R50: =IFERROR(IF(VLOOKUP($B50,janaina[#Data],12)=0,"Não executado",VLOOKUP($B50,janaina[#Data],12)),"Não executado") -> Não executado | S50: =IFERROR(IF(VLOOKUP($B33,andreia[#Data],12)=0,"Não executado",VLOOKUP($B33,andreia[#Data],12)),"Não executado") -> Não executado | T50: =IFERROR(IF(VLOOKUP($B33,homologador[#Data],12)=0,"Não executado",VLOOKUP($B33,homologador[#Data],12)),"Não executado") -> Não executado
B51: =IF(ISERR(casostestes[[#This Row],[ID]]),"-",casostestes[[#This Row],[ID]]) -> - | C51: =IFERROR(IF(VLOOKUP($B51,casostestes[#Data],10)=0,"Não",VLOOKUP($B51,casostestes[#Data],10)), "-") -> - | D51: =IFERROR(IF(VLOOKUP($B51,casostestes[#Data],2)=0,"-",VLOOKUP($B51,casostestes[#Data],2)), "-") -> - | E51: =IFERROR(IF(VLOOKUP($B51,casostestes[#Data],3)=0,"-",VLOOKUP($B51,casostestes[#Data],3)), "-") -> - | F51: =IFERROR(IF(VLOOKUP($B51,casostestes[#Data],4)=0,"-",VLOOKUP($B51,casostestes[#Data],4)),"-") -> - | G51: =IFERROR(IF(VLOOKUP($B51,casostestes[#Data],5)=0,"-",VLOOKUP($B51,casostestes[#Data],5)),"-") -> - | H51: =IFERROR(IF(VLOOKUP($B51,casostestes[#Data],6)=0,"-",VLOOKUP($B51,casostestes[#Data],6)),"-") -> - | I51: =IFERROR(IF(VLOOKUP($B51,casostestes[#Data],8)=0,"-",VLOOKUP($B51,casostestes[#Data],8)),"-") -> - | J51: =IFERROR(IF(VLOOKUP($B51,casostestes[#Data],9)=0,"-",VLOOKUP($B51,casostestes[#Data],9)),"-") -> - | K51: =IFERROR(IF(VLOOKUP($B51,orlando[#Data],12)=0,"Não executado",VLOOKUP($B51,orlando[#Data],12)),"Não executado") -> Não executado | L51: =IFERROR(IF(VLOOKUP($B51,mauricio[#Data],12)=0,"Não executado",VLOOKUP($B51,mauricio[#Data],12)),"Não executado") -> Não executado | M51: =IFERROR(IF(VLOOKUP($B51,Thaisa[#Data],12)=0,"Não executado",VLOOKUP($B51,Thaisa[#Data],12)),"Não executado") -> Não executado | N51: =IFERROR(IF(VLOOKUP($B51,carlos[#Data],12)=0,"Não executado",VLOOKUP($B51,carlos[#Data],12)),"Não executado") -> Não executado | O51: =IFERROR(IF(VLOOKUP($B51,Alessandra[#Data],12)=0,"Não executado",VLOOKUP($B51,Alessandra[#Data],12)),"Não executado") -> Não executado | P51: =IFERROR(IF(VLOOKUP($B51,AnaCarolina[#Data],12)=0,"Não executado",VLOOKUP($B51,AnaCarolina[#Data],12)),"Não executado") -> Não executado | Q51: =IFERROR(IF(VLOOKUP($B51,wanei[#Data],12)=0,"Não executado",VLOOKUP($B51,wanei[#Data],12)),"Não executado") -> Não executado | R51: =IFERROR(IF(VLOOKUP($B51,janaina[#Data],12)=0,"Não executado",VLOOKUP($B51,janaina[#Data],12)),"Não executado") -> Não executado | S51: =IFERROR(IF(VLOOKUP($B34,andreia[#Data],12)=0,"Não executado",VLOOKUP($B34,andreia[#Data],12)),"Não executado") -> Não executado | T51: =IFERROR(IF(VLOOKUP($B34,homologador[#Data],12)=0,"Não executado",VLOOKUP($B34,homologador[#Data],12)),"Não executado") -> Não executado
... B183: =IF(ISERR(casostestes[[#This Row],[ID]]),"-",casostestes[[#This Row],[ID]]) -> - | C183: =IFERROR(IF(VLOOKUP($B183,casostestes[#Data],10)=0,"Não",VLOOKUP($B183,casostestes[#Data],10)), "-") -> - | D183: =IFERROR(IF(VLOOKUP($B183,casostestes[#Data],2)=0,"-",VLOOKUP($B183,casostestes[#Data],2)), "-") -> - | E183: =IFERROR(IF(VLOOKUP($B183,casostestes[#Data],3)=0,"-",VLOOKUP($B183,casostestes[#Data],3)), "-") -> - | F183: =IFERROR(IF(VLOOKUP($B183,casostestes[#Data],4)=0,"-",VLOOKUP($B183,casostestes[#Data],4)),"-") -> - | G183: =IFERROR(IF(VLOOKUP($B183,casostestes[#Data],5)=0,"-",VLOOKUP($B183,casostestes[#Data],5)),"-") -> - | H183: =IFERROR(IF(VLOOKUP($B183,casostestes[#Data],6)=0,"-",VLOOKUP($B183,casostestes[#Data],6)),"-") -> - | I183: =IFERROR(IF(VLOOKUP($B183,casostestes[#Data],8)=0,"-",VLOOKUP($B183,casostestes[#Data],8)),"-") -> - | J183: =IFERROR(IF(VLOOKUP($B183,casostestes[#Data],9)=0,"-",VLOOKUP($B183,casostestes[#Data],9)),"-") -> - | K183: =IFERROR(IF(VLOOKUP($B183,orlando[#Data],12)=0,"Não executado",VLOOKUP($B183,orlando[#Data],12)),"Não executado") -> Não executado | L183: =IFERROR(IF(VLOOKUP($B183,mauricio[#Data],12)=0,"Não executado",VLOOKUP($B183,mauricio[#Data],12)),"Não executado") -> Não executado | M183: =IFERROR(IF(VLOOKUP($B183,Thaisa[#Data],12)=0,"Não executado",VLOOKUP($B183,Thaisa[#Data],12)),"Não executado") -> Não executado | N183: =IFERROR(IF(VLOOKUP($B183,carlos[#Data],12)=0,"Não executado",VLOOKUP($B183,carlos[#Data],12)),"Não executado") -> Não executado | O183: =IFERROR(IF(VLOOKUP($B183,Alessandra[#Data],12)=0,"Não executado",VLOOKUP($B183,Alessandra[#Data],12)),"Não executado") -> Não executado | P183: =IFERROR(IF(VLOOKUP($B183,AnaCarolina[#Data],12)=0,"Não executado",VLOOKUP($B183,AnaCarolina[#Data],12)),"Não executado") -> Não executado | Q183: =IFERROR(IF(VLOOKUP($B183,wanei[#Data],12)=0,"Não executado",VLOOKUP($B183,wanei[#Data],12)),"Não executado") -> Não executado | R183: =IFERROR(IF(VLOOKUP($B183,janaina[#Data],12)=0,"Não executado",VLOOKUP($B183,janaina[#Data],12)),"Não executado") -> Não executado | S183: =IFERROR(IF(VLOOKUP($B166,andreia[#Data],12)=0,"Não executado",VLOOKUP($B166,andreia[#Data],12)),"Não executado") -> Não executado | T183: =IFERROR(IF(VLOOKUP($B166,homologador[#Data],12)=0,"Não executado",VLOOKUP($B166,homologador[#Data],12)),"Não executado") -> Não executado
S184: =IFERROR(IF(VLOOKUP($B167,andreia[#Data],12)=0,"Não executado",VLOOKUP($B167,andreia[#Data],12)),"Não executado") -> Não executado | T184: =IFERROR(IF(VLOOKUP($B167,homologador[#Data],12)=0,"Não executado",VLOOKUP($B167,homologador[#Data],12)),"Não executado") -> Não executado
S185: =IFERROR(IF(VLOOKUP($B168,andreia[#Data],12)=0,"Não executado",VLOOKUP($B168,andreia[#Data],12)),"Não executado") -> Não executado | T185: =IFERROR(IF(VLOOKUP($B168,homologador[#Data],12)=0,"Não executado",VLOOKUP($B168,homologador[#Data],12)),"Não executado") -> Não executado
S186: =IFERROR(IF(VLOOKUP($B169,andreia[#Data],12)=0,"Não executado",VLOOKUP($B169,andreia[#Data],12)),"Não executado") -> Não executado | T186: =IFERROR(IF(VLOOKUP($B169,homologador[#Data],12)=0,"Não executado",VLOOKUP($B169,homologador[#Data],12)),"Não executado") -> Não executado
S187: =IFERROR(IF(VLOOKUP($B170,andreia[#Data],12)=0,"Não executado",VLOOKUP($B170,andreia[#Data],12)),"Não executado") -> Não executado | T187: =IFERROR(IF(VLOOKUP($B170,homologador[#Data],12)=0,"Não executado",VLOOKUP($B170,homologador[#Data],12)),"Não executado") -> Não executado
S188: =IFERROR(IF(VLOOKUP($B171,andreia[#Data],12)=0,"Não executado",VLOOKUP($B171,andreia[#Data],12)),"Não executado") -> Não executado | T188: =IFERROR(IF(VLOOKUP($B171,homologador[#Data],12)=0,"Não executado",VLOOKUP($B171,homologador[#Data],12)),"Não executado") -> Não executado
S189: =IFERROR(IF(VLOOKUP($B172,andreia[#Data],12)=0,"Não executado",VLOOKUP($B172,andreia[#Data],12)),"Não executado") -> Não executado | T189: =IFERROR(IF(VLOOKUP($B172,homologador[#Data],12)=0,"Não executado",VLOOKUP($B172,homologador[#Data],12)),"Não executado") -> Não executado
S190: =IFERROR(IF(VLOOKUP($B173,andreia[#Data],12)=0,"Não executado",VLOOKUP($B173,andreia[#Data],12)),"Não executado") -> Não executado | T190: =IFERROR(IF(VLOOKUP($B173,homologador[#Data],12)=0,"Não executado",VLOOKUP($B173,homologador[#Data],12)),"Não executado") -> Não executado
S191: =IFERROR(IF(VLOOKUP($B174,andreia[#Data],12)=0,"Não executado",VLOOKUP($B174,andreia[#Data],12)),"Não executado") -> Não executado | T191: =IFERROR(IF(VLOOKUP($B174,homologador[#Data],12)=0,"Não executado",VLOOKUP($B174,homologador[#Data],12)),"Não executado") -> Não executado
S192: =IFERROR(IF(VLOOKUP($B175,andreia[#Data],12)=0,"Não executado",VLOOKUP($B175,andreia[#Data],12)),"Não executado") -> Não executado | T192: =IFERROR(IF(VLOOKUP($B175,homologador[#Data],12)=0,"Não executado",VLOOKUP($B175,homologador[#Data],12)),"Não executado") -> Não executado
S193: =IFERROR(IF(VLOOKUP($B176,andreia[#Data],12)=0,"Não executado",VLOOKUP($B176,andreia[#Data],12)),"Não executado") -> Não executado | T193: =IFERROR(IF(VLOOKUP($B176,homologador[#Data],12)=0,"Não executado",VLOOKUP($B176,homologador[#Data],12)),"Não executado") -> Não executado
S194: =IFERROR(IF(VLOOKUP($B177,andreia[#Data],12)=0,"Não executado",VLOOKUP($B177,andreia[#Data],12)),"Não executado") -> Não executado | T194: =IFERROR(IF(VLOOKUP($B177,homologador[#Data],12)=0,"Não executado",VLOOKUP($B177,homologador[#Data],12)),"Não executado") -> Não executado
S195: =IFERROR(IF(VLOOKUP($B178,andreia[#Data],12)=0,"Não executado",VLOOKUP($B178,andreia[#Data],12)),"Não executado") -> Não executado | T195: =IFERROR(IF(VLOOKUP($B178,homologador[#Data],12)=0,"Não executado",VLOOKUP($B178,homologador[#Data],12)),"Não executado") -> Não executado
... S200: =IFERROR(IF(VLOOKUP($B183,andreia[#Data],12)=0,"Não executado",VLOOKUP($B183,andreia[#Data],12)),"Não executado") -> Não executado | T200: =IFERROR(IF(VLOOKUP($B183,homologador[#Data],12)=0,"Não executado",VLOOKUP($B183,homologador[#Data],12)),"Não executado") -> Não executado

Sheet Ana_Carolina
B1: Portal de Atendimento do INSS - PAT
B2: Autodeclaração para o Requerimento de Benefício por Incapacidade
B3: Homologador:
B7: # | C7: LIBERADO | D7: MACROPROCESSO | E7: CASO DE TESTE | F7: CANAL | G7: PAPEL | H7: FLUXO | I7: PARÂMETROS | J7: RESULTADO ESPERADO | K7: DATA EXECUÇÃO | L7: MASSA | M7: STATUS CT | N7: RESULTADO ENCONTRADO | O7: ANÁLISE DATAPREV | P7: MELHORIAS
B8: =IF(ISERR(casostestes[[#This Row],[ID]]),"-",casostestes[[#This Row],[ID]]) -> 1 | C8: =IFERROR(IF(VLOOKUP($B8,casostestes[#Data],10)=0,"Não",VLOOKUP($B8,casostestes[#Data],10)), "-") -> Sim | D8: =IFERROR(IF(VLOOKUP($B8,casostestes[#Data],2)=0,"-",VLOOKUP($B8,casostestes[#Data],2)), "-") -> Requerimento Inicial de BI | E8: =IFERROR(IF(VLOOKUP($B8,casostestes[#Data],3)=0,"-",VLOOKUP($B8,casostestes[#Data],3)), "-") -> 6 Criação de tarefa de BI inicial com fluxo ATESTMED para categoria DIFERENTE de Segurado Especial COM exigência de preenchimento da AD. Premissas: Catálogo: Exige autodeclaração = ATIVADO Parâmetro: 144 - Fluxo ATESTMED = LIGADO | F8: =IFERROR(IF(VLOOKUP($B8,casostestes[#Data],4)=0,"-",VLOOKUP($B8,casostestes[#Data],4)),"-") -> Central 135 | G8: =IFERROR(IF(VLOOKUP($B8,casostestes[#Data],5)=0,"-",VLOOKUP($B8,casostestes[#Data],5)),"-") -> ATENDENTE_CENTRAL_135 | H8: =IFERROR(IF(VLOOKUP($B8,casostestes[#Data],6)=0,"-",VLOOKUP($B8,casostestes[#Data],6)),"-") -> 1. Logar no Portal do Atendimento INSS com o perfil do caso de teste 2. Criar tarefa de BI informando: - Tipo de Incapacidade? "Temporário" - A pessoa está presa? "Não" - Categoria do trabalhador "Desempregado" ... - A pessoa ficou sem trabalhar? "Sim" | I8: =IFERROR(IF(VLOOKUP($B8,casostestes[#Data],8)=0,"-",VLOOKUP($B8,casostestes[#Data],8)),"-") -> - | J8: =IFERROR(IF(VLOOKUP($B8,casostestes[#Data],9)=0,"-",VLOOKUP($B8,casostestes[#Data],9)),"-") -> 1. Na conclusão do requerimento é emitido o aviso: "É necessário apresentar os documentos no prazo de 5 dias. Caso não apresente, o pedido será cancelado." 2. A tarefa de BI criada com STATUS: EM EXIGÊNCIA 3. Status SIBE: Fluxo não iniciado 4. Tarefa COM as divergências: - 174 Ausência do atestado médico | K8: 46251 | L8: CPF 73565506792 Tarefa 6687301539619 | M8: Aprovado
B9: =IF(ISERR(casostestes[[#This Row],[ID]]),"-",casostestes[[#This Row],[ID]]) -> 2 | C9: =IFERROR(IF(VLOOKUP($B9,casostestes[#Data],10)=0,"Não",VLOOKUP($B9,casostestes[#Data],10)), "-") -> Sim | D9: =IFERROR(IF(VLOOKUP($B9,casostestes[#Data],2)=0,"-",VLOOKUP($B9,casostestes[#Data],2)), "-") -> Integração | E9: =IFERROR(IF(VLOOKUP($B9,casostestes[#Data],3)=0,"-",VLOOKUP($B9,casostestes[#Data],3)), "-") -> 12 Criar tarefa de BI inicial fluxo ATESTMEDQ para categoria "Segurado especial" onde o parâmetro "Exige Autodeclaração" no Catálogo está ATIVADO e foi respondida a autodeclaração COM período pendente **Parâmetro PAT ligado: 144 - Fluxo ATESTMEDQ | F9: =IFERROR(IF(VLOOKUP($B9,casostestes[#Data],4)=0,"-",VLOOKUP($B9,casostestes[#Data],4)),"-") -> PAT | G9: =IFERROR(IF(VLOOKUP($B9,casostestes[#Data],5)=0,"-",VLOOKUP($B9,casostestes[#Data],5)),"-") -> SERVIDOR | H9: =IFERROR(IF(VLOOKUP($B9,casostestes[#Data],6)=0,"-",VLOOKUP($B9,casostestes[#Data],6)),"-") -> 1. Logar no Portal do Atendimento INSS com o perfil do caso de teste 2.Criar tarefa de BI informando: Tipo de Incapacidade? "Temporária " A pessoa está presa? Não Categoria do trabalhador "Segurado Especial" A pessoa ficou sem trabalhar? Sim 3. Responder formulário da autodeclaração | I9: =IFERROR(IF(VLOOKUP($B9,casostestes[#Data],8)=0,"-",VLOOKUP($B9,casostestes[#Data],8)),"-") -> - | J9: =IFERROR(IF(VLOOKUP($B9,casostestes[#Data],9)=0,"-",VLOOKUP($B9,casostestes[#Data],9)),"-") -> Tarefa de BI criada com situação Pendente. Tarefa SEM Divergência de autodeclaração (116) Status SIBE igual a FLUXO NÃO INICIADO Aguardar até a geração automática do PDF da autodeclaração: DTP: Campo Exige_autodeclaração = 1 Campo DT_RETORNO_SES_CNIS deverá estar preenchido (Descritivo preenchido pelo CNIS) Tabela SES_CNIS_ANALISES (Indica a existência ou não de períodos pendentes) Status SIBE igual a AGUARDANDO ATESTADO Na opção "Lista de Ocorrências", o json de integração com o SIBE deverá conter o campo "periodosPendentesSegEsp" com valor true. | K9: 46251 | L9: 10002405253 Tarefa 5522489752338 | M9: Aprovado
B10: =IF(ISERR(casostestes[[#This Row],[ID]]),"-",casostestes[[#This Row],[ID]]) -> 3 | C10: =IFERROR(IF(VLOOKUP($B10,casostestes[#Data],10)=0,"Não",VLOOKUP($B10,casostestes[#Data],10)), "-") -> Sim | D10: =IFERROR(IF(VLOOKUP($B10,casostestes[#Data],2)=0,"-",VLOOKUP($B10,casostestes[#Data],2)), "-") -> Integração | E10: =IFERROR(IF(VLOOKUP($B10,casostestes[#Data],3)=0,"-",VLOOKUP($B10,casostestes[#Data],3)), "-") -> 13 Criar tarefa de BI inicial fluxo ATESTMEDQ para categoria "Segurado especial" onde o parâmetro "Exige Autodeclaração" no Catálogo está ATIVADO e foi respondida a autodeclaração SEM período pendente **Parâmetro PAT ligado: 144 - Fluxo ATESTMEDQ | F10: =IFERROR(IF(VLOOKUP($B10,casostestes[#Data],4)=0,"-",VLOOKUP($B10,casostestes[#Data],4)),"-") -> PAT | G10: =IFERROR(IF(VLOOKUP($B10,casostestes[#Data],5)=0,"-",VLOOKUP($B10,casostestes[#Data],5)),"-") -> SERVIDOR | H10: =IFERROR(IF(VLOOKUP($B10,casostestes[#Data],6)=0,"-",VLOOKUP($B10,casostestes[#Data],6)),"-") -> 1. Logar no Portal do Atendimento INSS com o perfil do caso de teste 2.Criar tarefa de BI informando: Tipo de Incapacidade? "Temporária " A pessoa está presa? Não Categoria do trabalhador "Segurado Especial" A pessoa ficou sem trabalhar? Sim 3. Responder a autodeclaração | I10: =IFERROR(IF(VLOOKUP($B10,casostestes[#Data],8)=0,"-",VLOOKUP($B10,casostestes[#Data],8)),"-") -> - | J10: =IFERROR(IF(VLOOKUP($B10,casostestes[#Data],9)=0,"-",VLOOKUP($B10,casostestes[#Data],9)),"-") -> Tarefa de BI criada com situação Pendente. Tarefa SEM Divergência de autodeclaração (116) Status SIBE igual a FLUXO NÃO INICIADO Aguardar até a geração automática do PDF da autodeclaração: DTP: Campo Exige_autodeclaração = 1 Campo DT_RETORNO_SES_CNIS deverá estar preenchido (Descritivo preenchido pelo CNIS) Tabela SES_CNIS_ANALISES (Indica a existência ou não de períodos pendentes) Status SIBE igual a AGUARDANDO ATESTADO Na opção "Lista de Ocorrências", o json de integração com o SIBE deverá conter o campo "periodosPendentesSegEsp" com valor false. | K10: 46252 | L10: CPF 681.368.110-91 Tarefa 2327354901942 | M10: Aprovado
B11: =IF(ISERR(casostestes[[#This Row],[ID]]),"-",casostestes[[#This Row],[ID]]) -> 4 | C11: =IFERROR(IF(VLOOKUP($B11,casostestes[#Data],10)=0,"Não",VLOOKUP($B11,casostestes[#Data],10)), "-") -> Sim | D11: =IFERROR(IF(VLOOKUP($B11,casostestes[#Data],2)=0,"-",VLOOKUP($B11,casostestes[#Data],2)), "-") -> Integração | E11: =IFERROR(IF(VLOOKUP($B11,casostestes[#Data],3)=0,"-",VLOOKUP($B11,casostestes[#Data],3)), "-") -> 16 Cumprir a exigência de autodeclaração | F11: =IFERROR(IF(VLOOKUP($B11,casostestes[#Data],4)=0,"-",VLOOKUP($B11,casostestes[#Data],4)),"-") -> PAT | G11: =IFERROR(IF(VLOOKUP($B11,casostestes[#Data],5)=0,"-",VLOOKUP($B11,casostestes[#Data],5)),"-") -> SERVIDOR | H11: =IFERROR(IF(VLOOKUP($B11,casostestes[#Data],6)=0,"-",VLOOKUP($B11,casostestes[#Data],6)),"-") -> 1. Logar no Portal do Atendimento INSS com o perfil Servidor 2.Consultar uma tarefa em exigência de autodeclaração e acionar Cumprir Exigência 3. Responder o formulário de autodeclaração até o final | I11: =IFERROR(IF(VLOOKUP($B11,casostestes[#Data],8)=0,"-",VLOOKUP($B11,casostestes[#Data],8)),"-") -> - | J11: =IFERROR(IF(VLOOKUP($B11,casostestes[#Data],9)=0,"-",VLOOKUP($B11,casostestes[#Data],9)),"-") -> Tarefa de BI com situação alterada para Pendente Divergência de autodeclaração (116) EXCLUÍDA da tarefa Aguardar até a geração automática do PDF da autodeclaração: DTP: Campo DT_RETORNO_SES_CNIS deverá estar preenchido (Descritivo preenchido pelo CNIS) Tabela SES_CNIS_ANALISES (Indica a existência ou não de períodos pendentes) Status SIBE igual a AGUARDANDO ATESTADO ou AGUARDANDO PERÍCIA (conforme a tarefa seja do fluxo ATESTMEDQ ou PRESENCIAL) Na opção "Lista de Ocorrências", o json de integração com o SIBE deverá conter o campo "periodosPendentesSegEsp" com valor true ou false, conforme tenha ou não períodos pendentes. | K11: 46252 | L11: Tarefa 2639250964337 | M11: Aprovado
B12: =IF(ISERR(casostestes[[#This Row],[ID]]),"-",casostestes[[#This Row],[ID]]) -> 5 | C12: =IFERROR(IF(VLOOKUP($B12,casostestes[#Data],10)=0,"Não",VLOOKUP($B12,casostestes[#Data],10)), "-") -> Sim | D12: =IFERROR(IF(VLOOKUP($B12,casostestes[#Data],2)=0,"-",VLOOKUP($B12,casostestes[#Data],2)), "-") -> Integração | E12: =IFERROR(IF(VLOOKUP($B12,casostestes[#Data],3)=0,"-",VLOOKUP($B12,casostestes[#Data],3)), "-") -> 17 Responder o formulário de autodeclaração acessando diretamente a aba segurado especial ao detalhar a tarefa, onde a tarefa encontra-se em exigência de autodeclaração | F12: =IFERROR(IF(VLOOKUP($B12,casostestes[#Data],4)=0,"-",VLOOKUP($B12,casostestes[#Data],4)),"-") -> PAT | G12: =IFERROR(IF(VLOOKUP($B12,casostestes[#Data],5)=0,"-",VLOOKUP($B12,casostestes[#Data],5)),"-") -> SERVIDOR | H12: =IFERROR(IF(VLOOKUP($B12,casostestes[#Data],6)=0,"-",VLOOKUP($B12,casostestes[#Data],6)),"-") -> 1. Logar no Portal do Atendimento INSS com o perfil Servidor 2.Consultar uma tarefa em exigência de autodeclaração 3. Acionar a aba Segurado especial 3. Responder o formulário de autodeclaração até o final | I12: =IFERROR(IF(VLOOKUP($B12,casostestes[#Data],8)=0,"-",VLOOKUP($B12,casostestes[#Data],8)),"-") -> - | J12: =IFERROR(IF(VLOOKUP($B12,casostestes[#Data],9)=0,"-",VLOOKUP($B12,casostestes[#Data],9)),"-") -> Tarefa de BI com situação alterada para Pendente Divergência de autodeclaração (116) EXCLUÍDA da tarefa Aguardar até a geração automática do PDF da autodeclaração: Status SIBE igual a AGUARDANDO ATESTADO ou AGUARDANDO PERÍCIA (conforme a tarefa seja do fluxo ATESTMEDQ ou PRESENCIAL) Na opção "Lista de Ocorrências", o json de integração com o SIBE deverá conter o campo "periodosPendentesSegEsp" com valor true ou false, conforme tenha ou não períodos pendentes. | K12: 46252 | L12: Tarefa 3428588013725 | M12: Em Teste
B13: =IF(ISERR(casostestes[[#This Row],[ID]]),"-",casostestes[[#This Row],[ID]]) -> 6 | C13: =IFERROR(IF(VLOOKUP($B13,casostestes[#Data],10)=0,"Não",VLOOKUP($B13,casostestes[#Data],10)), "-") -> Sim | D13: =IFERROR(IF(VLOOKUP($B13,casostestes[#Data],2)=0,"-",VLOOKUP($B13,casostestes[#Data],2)), "-") -> Integração | E13: =IFERROR(IF(VLOOKUP($B13,casostestes[#Data],3)=0,"-",VLOOKUP($B13,casostestes[#Data],3)), "-") -> 18 Responder o formulário de autodeclaração acessando diretamente a aba segurado especial ao detalhar a tarefa, onde a tarefa encontra-se em exigência de documento médico | F13: =IFERROR(IF(VLOOKUP($B13,casostestes[#Data],4)=0,"-",VLOOKUP($B13,casostestes[#Data],4)),"-") -> PAT | G13: =IFERROR(IF(VLOOKUP($B13,casostestes[#Data],5)=0,"-",VLOOKUP($B13,casostestes[#Data],5)),"-") -> SERVIDOR | H13: =IFERROR(IF(VLOOKUP($B13,casostestes[#Data],6)=0,"-",VLOOKUP($B13,casostestes[#Data],6)),"-") -> 1. Logar no Portal do Atendimento INSS com o perfil Servidor 2.Consultar uma tarefa em exigência de documento médico 3. Acionar a aba Segurado especial 3. Responder o formulário de autodeclaração até o final | I13: =IFERROR(IF(VLOOKUP($B13,casostestes[#Data],8)=0,"-",VLOOKUP($B13,casostestes[#Data],8)),"-") -> - | J13: =IFERROR(IF(VLOOKUP($B13,casostestes[#Data],9)=0,"-",VLOOKUP($B13,casostestes[#Data],9)),"-") -> Tarefa de BI permanece em tarefa em exigência de documento médico Divergência de autodeclaração (116) EXCLUÍDA da tarefa Aguardar até a geração automática do PDF da autodeclaração: Status SIBE continua igual a FLUXO NÃO INICIADO, pois a tarefa encontra-se em exigência de documento médico | K13: 46252 | L13: Tarefa 1213526239211 | M13: Aprovado
B14: =IF(ISERR(casostestes[[#This Row],[ID]]),"-",casostestes[[#This Row],[ID]]) -> 7 | C14: =IFERROR(IF(VLOOKUP($B14,casostestes[#Data],10)=0,"Não",VLOOKUP($B14,casostestes[#Data],10)), "-") -> Sim | D14: =IFERROR(IF(VLOOKUP($B14,casostestes[#Data],2)=0,"-",VLOOKUP($B14,casostestes[#Data],2)), "-") -> Integração | E14: =IFERROR(IF(VLOOKUP($B14,casostestes[#Data],3)=0,"-",VLOOKUP($B14,casostestes[#Data],3)), "-") -> 19 Criar tarefa de BI inicial fluxo ATESTMEDQ para categoria "Segurado especial" onde o parâmetro "Exige Autodeclaração" no Catálogo está ATIVADO, NÃO foi respondida a autodeclaração, NÃO foi incluído o anexo detalhado de AD e cidadão está preso **Parâmetro PAT ligado: 144 - Fluxo ATESTMEDQ | F14: =IFERROR(IF(VLOOKUP($B14,casostestes[#Data],4)=0,"-",VLOOKUP($B14,casostestes[#Data],4)),"-") -> PAT | G14: =IFERROR(IF(VLOOKUP($B14,casostestes[#Data],5)=0,"-",VLOOKUP($B14,casostestes[#Data],5)),"-") -> SERVIDOR | H14: =IFERROR(IF(VLOOKUP($B14,casostestes[#Data],6)=0,"-",VLOOKUP($B14,casostestes[#Data],6)),"-") -> 1. Logar no Portal do Atendimento INSS com o perfil do caso de teste 2.Criar tarefa de BI informando: Tipo de Incapacidade? "Temporária " A pessoa está presa? Sim Categoria do trabalhador "Segurado Especial" A pessoa ficou sem trabalhar? Sim 3. NÃO Informar anexo detalhado de autodeclaração 4. NÃO responder o formulário de autodeclaração | I14: =IFERROR(IF(VLOOKUP($B14,casostestes[#Data],8)=0,"-",VLOOKUP($B14,casostestes[#Data],8)),"-") -> - | J14: =IFERROR(IF(VLOOKUP($B14,casostestes[#Data],9)=0,"-",VLOOKUP($B14,casostestes[#Data],9)),"-") -> Tarefa de BI criada com situação Pendente. Divergência de autodeclaração (116) incluída na tarefa Após execução workflow: Tarefa de BI com situação alterada para Exigência . Após alguns minutos: Tarefa de BI com situação Concluída. Status SIBE igual a INDEFERIDO Na opção "Lista de Ocorrências", o json de integração com o SIBE deverá conter o campo "periodosPendentesSegEsp" com valor NULL DTP: Campo Exige_autodeclaração = 0 | K14: 46252 | L14: Tarefa 1608194763905 | M14: Aprovado
